live-dps	maria304_driver	maria304_driver	admin::registry::tests::aggregate_metrics_sums_every_fn_counter	false
live-dps	maria304_driver	maria304_driver	admin::registry::tests::empty_registry_returns_empty_snapshots	false
live-dps	maria304_driver	maria304_driver	admin::registry::tests::register_and_drop_session_roundtrip	false
live-dps	maria304_driver	maria304_driver	admin::registry::tests::registered_fn_surfaces_in_snapshot_with_live_gate_state	false
live-dps	maria304_driver	maria304_driver	admin::server::tests::constant_time_eq_matches_equal_slices	false
live-dps	maria304_driver	maria304_driver	admin::server::tests::constant_time_eq_rejects_different_bytes	false
live-dps	maria304_driver	maria304_driver	admin::server::tests::constant_time_eq_rejects_different_length	false
live-dps	maria304_driver	maria304_driver	admin::server::tests::non_bearer_scheme_rejected	false
live-dps	maria304_driver	maria304_driver	admin::server::tests::require_auth_with_empty_token_always_succeeds	false
live-dps	maria304_driver	maria304_driver	admin::server::tests::require_auth_with_matching_token_succeeds	false
live-dps	maria304_driver	maria304_driver	admin::server::tests::require_auth_with_missing_header_yields_unauthorized	false
live-dps	maria304_driver	maria304_driver	admin::server::tests::require_auth_with_wrong_token_yields_forbidden	false
live-dps	maria304_driver	maria304_driver	bridge::dry_run::tests::deployment_mode_default_is_live	false
live-dps	maria304_driver	maria304_driver	bridge::dry_run::tests::deployment_mode_parse_accepts_case_and_separator_variants	false
live-dps	maria304_driver	maria304_driver	bridge::dry_run::tests::deployment_mode_parse_rejects_nonsense	false
live-dps	maria304_driver	maria304_driver	bridge::dry_run::tests::dry_run_bridge_is_send_sync_for_listener_sharing	false
live-dps	maria304_driver	maria304_driver	bridge::dry_run::tests::dry_run_call_count_tracks_submissions	false
live-dps	maria304_driver	maria304_driver	bridge::dry_run::tests::dry_run_echoes_totals_from_envelope	false
live-dps	maria304_driver	maria304_driver	bridge::dry_run::tests::dry_run_first_submit_returns_fiscal_id_0000000001	false
live-dps	maria304_driver	maria304_driver	bridge::dry_run::tests::dry_run_fiscal_id_increments_per_call	false
live-dps	maria304_driver	maria304_driver	bridge::dto::classify_tests::accepted_carries_sale_totals	false
live-dps	maria304_driver	maria304_driver	bridge::dto::classify_tests::accepted_when_ok_and_valid_fiscal_id	false
live-dps	maria304_driver	maria304_driver	bridge::dto::classify_tests::retryable_on_empty_document_state	false
live-dps	maria304_driver	maria304_driver	bridge::dto::classify_tests::retryable_on_error_send	false
live-dps	maria304_driver	maria304_driver	bridge::dto::classify_tests::terminal_on_error_fiscal	false
live-dps	maria304_driver	maria304_driver	bridge::dto::classify_tests::terminal_on_error_sign	false
live-dps	maria304_driver	maria304_driver	bridge::dto::classify_tests::terminal_on_rejected	false
live-dps	maria304_driver	maria304_driver	bridge::dto::classify_tests::terminal_when_ok_but_fiscal_id_empty	false
live-dps	maria304_driver	maria304_driver	bridge::dto::classify_tests::terminal_when_ok_but_fiscal_id_zero	false
live-dps	maria304_driver	maria304_driver	bridge::dto::tests::canonical_command_serde_roundtrips	false
live-dps	maria304_driver	maria304_driver	bridge::dto::tests::canonical_response_deserializes_minimal_shape	false
live-dps	maria304_driver	maria304_driver	bridge::dto::tests::command_type_serializes_as_screaming_snake_case	false
live-dps	maria304_driver	maria304_driver	bridge::dto::tests::fiscal_line_omits_empty_optionals_from_json	false
live-dps	maria304_driver	maria304_driver	bridge::dto::tests::fiscal_line_with_all_optionals_serializes_every_field	false
live-dps	maria304_driver	maria304_driver	bridge::dto::tests::payment_kind_serializes_as_screaming_snake_case	false
live-dps	maria304_driver	maria304_driver	bridge::dto::tests::receipt_direction_default_is_sale	false
live-dps	maria304_driver	maria304_driver	bridge::http_client::tests::builder_rejects_empty_url_lazily_not_at_construction	false
live-dps	maria304_driver	maria304_driver	bridge::http_client::tests::http_bridge_is_send_sync	false
live-dps	maria304_driver	maria304_driver	bridge::http_client::tests::submit_to_unreachable_host_yields_transport_error	false
live-dps	maria304_driver	maria304_driver	bridge::mock::tests::fiscal_id_increments_per_submission	false
live-dps	maria304_driver	maria304_driver	bridge::mock::tests::forced_error_consumes_once_then_resets	false
live-dps	maria304_driver	maria304_driver	bridge::mock::tests::fresh_mock_has_no_submissions_and_assigns_fiscal_id_starting_at_one	false
live-dps	maria304_driver	maria304_driver	bridge::mock::tests::last_returns_none_before_any_submit_then_latest_after	false
live-dps	maria304_driver	maria304_driver	bridge::mock::tests::mock_bridge_is_send_sync	false
live-dps	maria304_driver	maria304_driver	bridge::mock::tests::mock_response_echoes_totals	false
live-dps	maria304_driver	maria304_driver	bridge::mock::tests::submitted_log_preserves_insertion_order	false
live-dps	maria304_driver	maria304_driver	bridge::retry::tests::backoff_caps_at_max	false
live-dps	maria304_driver	maria304_driver	bridge::retry::tests::backoff_for_zero_returns_initial_delay	false
live-dps	maria304_driver	maria304_driver	bridge::retry::tests::backoff_multiplies_per_retry	false
live-dps	maria304_driver	maria304_driver	bridge::retry::tests::exhausts_attempts_then_returns_last_transport_error	false
live-dps	maria304_driver	maria304_driver	bridge::retry::tests::max_attempts_one_means_no_retries	false
live-dps	maria304_driver	maria304_driver	bridge::retry::tests::rejected_is_not_retried_even_if_attempts_allow_it	false
live-dps	maria304_driver	maria304_driver	bridge::retry::tests::retries_on_transport_then_succeeds	false
live-dps	maria304_driver	maria304_driver	bridge::retry::tests::succeeds_on_first_try_without_sleeping	false
live-dps	maria304_driver	maria304_driver	listener::cooldown::tests::cooldown_blocks_immediately_after_start	false
live-dps	maria304_driver	maria304_driver	listener::cooldown::tests::cooldown_clears_after_duration_elapses	false
live-dps	maria304_driver	maria304_driver	listener::cooldown::tests::default_matches_drv_4_three_second_rule	false
live-dps	maria304_driver	maria304_driver	listener::cooldown::tests::fresh_cooldown_is_clear	false
live-dps	maria304_driver	maria304_driver	listener::cooldown::tests::is_clear_at_custom_instant_respects_pinning	false
live-dps	maria304_driver	maria304_driver	listener::cooldown::tests::restart_extends_cooldown	false
live-dps	maria304_driver	maria304_driver	listener::exclusion::tests::concurrent_acquires_pick_exactly_one_winner	false
live-dps	maria304_driver	maria304_driver	listener::exclusion::tests::first_acquire_succeeds_second_fails	false
live-dps	maria304_driver	maria304_driver	listener::exclusion::tests::new_gate_is_vacant	false
live-dps	maria304_driver	maria304_driver	listener::exclusion::tests::release_lets_next_acquire_succeed	false
live-dps	maria304_driver	maria304_driver	listener::server::tests::listener_config_uses_safe_defaults	false
live-dps	maria304_driver	maria304_driver	listener::server::tests::session_uuid_is_monotonic	false
live-dps	maria304_driver	maria304_driver	listener::session_loop::tests::back_to_back_frames_each_consume_one_frame_per_call	false
live-dps	maria304_driver	maria304_driver	listener::session_loop::tests::bad_crc_frame_increments_frame_error_counter	false
live-dps	maria304_driver	maria304_driver	listener::session_loop::tests::bridge_error_increments_bridge_error_counter	false
live-dps	maria304_driver	maria304_driver	listener::session_loop::tests::complete_csin1_frame_is_consumed_and_acknowledged	false
live-dps	maria304_driver	maria304_driver	listener::session_loop::tests::fresh_buffer_returns_none	false
live-dps	maria304_driver	maria304_driver	listener::session_loop::tests::missing_start_byte_advances_one_byte_and_keeps_session_alive	false
live-dps	maria304_driver	maria304_driver	listener::session_loop::tests::partial_frame_in_buffer_returns_none	false
live-dps	maria304_driver	maria304_driver	listener::session_loop::tests::successful_comp_increments_receipt_acked_counter	false
live-dps	maria304_driver	maria304_driver	observability::frame_trace::tests::default_capacity_is_100	false
live-dps	maria304_driver	maria304_driver	observability::frame_trace::tests::empty_buffer_is_len_zero_and_is_empty_is_true	false
live-dps	maria304_driver	maria304_driver	observability::frame_trace::tests::insertion_order_is_preserved	false
live-dps	maria304_driver	maria304_driver	observability::frame_trace::tests::offsets_are_monotonically_non_decreasing	false
live-dps	maria304_driver	maria304_driver	observability::frame_trace::tests::ring_buffer_drops_oldest_when_full	false
live-dps	maria304_driver	maria304_driver	observability::frame_trace::tests::zero_capacity_is_clamped_to_one	false
live-dps	maria304_driver	maria304_driver	observability::init::tests::init_is_callable_but_may_return_err_if_already_set	false
live-dps	maria304_driver	maria304_driver	observability::metrics::tests::fresh_snapshot_is_all_zero	false
live-dps	maria304_driver	maria304_driver	observability::metrics::tests::metrics_counted	false
live-dps	maria304_driver	maria304_driver	observability::metrics::tests::record_methods_increment_counters_monotonically	false
live-dps	maria304_driver	maria304_driver	observability::metrics::tests::snapshot_is_copy_and_can_be_compared	false
live-dps	maria304_driver	maria304_driver	observability::metrics::tests::snapshot_is_send_sync_safe_for_concurrent_readers	false
live-dps	maria304_driver	maria304_driver	protocol::commands::tests::armo_parses_single_digit_mode	false
live-dps	maria304_driver	maria304_driver	protocol::commands::tests::caio_body_shorter_than_11_chars_is_invalid_params	false
live-dps	maria304_driver	maria304_driver	protocol::commands::tests::caio_invalid_string_returns_error	false
live-dps	maria304_driver	maria304_driver	protocol::commands::tests::caio_valid_amount_succeeds	false
live-dps	maria304_driver	maria304_driver	protocol::commands::tests::caio_with_cyrillic_description_does_not_panic	false
live-dps	maria304_driver	maria304_driver	protocol::commands::tests::caio_with_invalid_direction_char_surfaces_as_invalid_params	false
live-dps	maria304_driver	maria304_driver	protocol::commands::tests::caio_zero_amount_returns_error	false
live-dps	maria304_driver	maria304_driver	protocol::commands::tests::caioi_parses_sum_and_description	false
live-dps	maria304_driver	maria304_driver	protocol::commands::tests::conf_and_conf_lower_are_distinct	false
live-dps	maria304_driver	maria304_driver	protocol::commands::tests::csin_parses_both_toggle_values	false
live-dps	maria304_driver	maria304_driver	protocol::commands::tests::cval_opcode_matches_decompiled_reference_not_cvar	false
live-dps	maria304_driver	maria304_driver	protocol::commands::tests::every_real_opcode_parses_to_a_non_unknown_variant	false
live-dps	maria304_driver	maria304_driver	protocol::commands::tests::firn_parses_two_d4_numbers	false
live-dps	maria304_driver	maria304_driver	protocol::commands::tests::firn_with_bad_body_length_surfaces_as_invalid_params	false
live-dps	maria304_driver	maria304_driver	protocol::commands::tests::firp_parses_two_dates_as_strings	false
live-dps	maria304_driver	maria304_driver	protocol::commands::tests::firp_with_bad_body_length_surfaces_as_invalid_params	false
live-dps	maria304_driver	maria304_driver	protocol::commands::tests::fisc_keeps_raw_body_for_receipt_handler	false
live-dps	maria304_driver	maria304_driver	protocol::commands::tests::gren_with_22_cyrillic_chars_splits_correctly	false
live-dps	maria304_driver	maria304_driver	protocol::commands::tests::gren_with_fewer_than_22_chars_lands_full_body_in_discount	false
live-dps	maria304_driver	maria304_driver	protocol::commands::tests::input_shorter_than_4_chars_maps_to_unknown	false
live-dps	maria304_driver	maria304_driver	protocol::commands::tests::lowercase_opcodes_are_distinct_from_uppercase	false
live-dps	maria304_driver	maria304_driver	protocol::commands::tests::nlpr_splits_two_cyrillic_tax_chars	false
live-dps	maria304_driver	maria304_driver	protocol::commands::tests::nrep_uppercase_and_lowercase_are_distinct_variants	false
live-dps	maria304_driver	maria304_driver	protocol::commands::tests::prep_with_department_name_captures_body_verbatim	false
live-dps	maria304_driver	maria304_driver	protocol::commands::tests::svsl_with_cyrillic_mode_char_does_not_panic	false
live-dps	maria304_driver	maria304_driver	protocol::commands::tests::three_char_cyrillic_input_does_not_panic	false
live-dps	maria304_driver	maria304_driver	protocol::commands::tests::unknown_opcode_is_still_split_into_opcode_and_body	false
live-dps	maria304_driver	maria304_driver	protocol::commands::tests::upas_fewer_than_10_chars_is_invalid_params_not_panic	false
live-dps	maria304_driver	maria304_driver	protocol::commands::tests::upas_short_password_surfaces_as_invalid_params	false
live-dps	maria304_driver	maria304_driver	protocol::commands::tests::upas_splits_password_and_cashier	false
live-dps	maria304_driver	maria304_driver	protocol::commands::tests::upas_with_cyrillic_cashier_id_does_not_panic	false
live-dps	maria304_driver	maria304_driver	protocol::commands::tests::upas_with_malformed_non_ascii_password_does_not_panic	false
live-dps	maria304_driver	maria304_driver	protocol::comp_response::tests::body_is_exactly_90_chars	false
live-dps	maria304_driver	maria304_driver	protocol::comp_response::tests::dps_consistency_formula_holds_for_builder_output	false
live-dps	maria304_driver	maria304_driver	protocol::comp_response::tests::first_segment_is_zero_padded_check_number	false
live-dps	maria304_driver	maria304_driver	protocol::comp_response::tests::max_u64_check_number_stays_within_10_chars_when_plausible	false
live-dps	maria304_driver	maria304_driver	protocol::comp_response::tests::oversize_check_number_overflows_into_neighbour_segment	false
live-dps	maria304_driver	maria304_driver	protocol::comp_response::tests::parse_rejects_non_numeric_segments	false
live-dps	maria304_driver	maria304_driver	protocol::comp_response::tests::parse_rejects_wrong_length_body	false
live-dps	maria304_driver	maria304_driver	protocol::comp_response::tests::roundtrip_via_parse_recovers_populated_fields	false
live-dps	maria304_driver	maria304_driver	protocol::comp_response::tests::sale_and_return_totals_land_in_documented_offsets	false
live-dps	maria304_driver	maria304_driver	protocol::comp_response::tests::wire_payload_is_94_chars_opcode_plus_body	false
live-dps	maria304_driver	maria304_driver	protocol::error_codes::tests::custom_variant_owns_its_string	false
live-dps	maria304_driver	maria304_driver	protocol::error_codes::tests::display_uses_wire_identifier	false
live-dps	maria304_driver	maria304_driver	protocol::error_codes::tests::every_enumerated_variant_roundtrips_via_wire_string	false
live-dps	maria304_driver	maria304_driver	protocol::error_codes::tests::parse_accepts_unknown_variants_as_custom	false
live-dps	maria304_driver	maria304_driver	protocol::error_codes::tests::parse_ascii_digits_in_custom_preserves_exact_bytes	false
live-dps	maria304_driver	maria304_driver	protocol::error_codes::tests::parse_rejects_inputs_shorter_than_four_chars	false
live-dps	maria304_driver	maria304_driver	protocol::error_codes::tests::repeated_parsing_of_same_unknown_produces_equal_values	false
live-dps	maria304_driver	maria304_driver	protocol::error_codes::tests::retryable_classification_matches_intent	false
live-dps	maria304_driver	maria304_driver	protocol::error_codes::tests::wire_identifiers_are_all_distinct	false
live-dps	maria304_driver	maria304_driver	protocol::error_codes::tests::wire_identifiers_start_with_soft_prefix	false
live-dps	maria304_driver	maria304_driver	protocol::identity::tests::ascii_mode_uses_digit_for_sys_key	false
live-dps	maria304_driver	maria304_driver	protocol::identity::tests::binary_mode_uses_raw_byte_for_sys_key	false
live-dps	maria304_driver	maria304_driver	protocol::identity::tests::body_width_is_exactly_148_chars	false
live-dps	maria304_driver	maria304_driver	protocol::identity::tests::cashier_id_is_truncated_to_four_chars	false
live-dps	maria304_driver	maria304_driver	protocol::identity::tests::cashier_registered_flag_is_single_ascii_char	false
live-dps	maria304_driver	maria304_driver	protocol::identity::tests::currency_abbreviation_lands_at_final_three_chars	false
live-dps	maria304_driver	maria304_driver	protocol::identity::tests::date_and_time_are_exact_widths	false
live-dps	maria304_driver	maria304_driver	protocol::identity::tests::decimals_coded_field_follows_mode	false
live-dps	maria304_driver	maria304_driver	protocol::identity::tests::fiscal_number_lands_at_offset_10	false
live-dps	maria304_driver	maria304_driver	protocol::identity::tests::last_receipt_number_is_zero_padded_12_chars	false
live-dps	maria304_driver	maria304_driver	protocol::identity::tests::merchant_right_padded_with_spaces_to_36_chars	false
live-dps	maria304_driver	maria304_driver	protocol::identity::tests::serial_is_last_10_chars	false
live-dps	maria304_driver	maria304_driver	protocol::identity::tests::short_factory_serial_is_space_padded_to_10	false
live-dps	maria304_driver	maria304_driver	protocol::identity::tests::sys_key_display_is_human_readable	false
live-dps	maria304_driver	maria304_driver	protocol::identity::tests::wire_payload_opcode_matches_mode	false
live-dps	maria304_driver	maria304_driver	protocol::identity::tests::z_report_number_is_zero_padded_12_chars	false
live-dps	maria304_driver	maria304_driver	protocol::responses::tests::data_constructor_accepts_valid_payload	false
live-dps	maria304_driver	maria304_driver	protocol::responses::tests::data_constructor_exact_boundary_252_bytes_accepted	false
live-dps	maria304_driver	maria304_driver	protocol::responses::tests::data_constructor_rejects_over_252_char_payload	false
live-dps	maria304_driver	maria304_driver	protocol::responses::tests::data_constructor_rejects_short_payload_at_construction	false
live-dps	maria304_driver	maria304_driver	protocol::responses::tests::data_passes_caller_supplied_payload_verbatim	false
live-dps	maria304_driver	maria304_driver	protocol::responses::tests::data_variant_longer_than_max_cmd_len_is_rejected	false
live-dps	maria304_driver	maria304_driver	protocol::responses::tests::data_variant_roundtrips_through_wire	false
live-dps	maria304_driver	maria304_driver	protocol::responses::tests::data_variant_shorter_than_min_cmd_len_is_rejected_on_encode	false
live-dps	maria304_driver	maria304_driver	protocol::responses::tests::display_through_framing_produces_crc_self_verifying_bytes	false
live-dps	maria304_driver	maria304_driver	protocol::responses::tests::done_wire_is_exactly_four_chars	false
live-dps	maria304_driver	maria304_driver	protocol::responses::tests::error_known_code_is_not_padded	false
live-dps	maria304_driver	maria304_driver	protocol::responses::tests::error_wire_padded_for_short_custom_codes	false
live-dps	maria304_driver	maria304_driver	protocol::responses::tests::every_short_variant_survives_framing_roundtrip	false
live-dps	maria304_driver	maria304_driver	protocol::responses::tests::ready_wire_is_exactly_five_chars	false
live-dps	maria304_driver	maria304_driver	protocol::responses::tests::wrk_and_prn_are_padded_to_min_cmd_len	false
live-dps	maria304_driver	maria304_driver	protocol::uktzed::tests::cyrillic_item_with_uktzed_preserves_name_intact	false
live-dps	maria304_driver	maria304_driver	protocol::uktzed::tests::eleven_digits_without_hash_is_not_a_match	false
live-dps	maria304_driver	maria304_driver	protocol::uktzed::tests::empty_name_after_prefix_is_still_valid	false
live-dps	maria304_driver	maria304_driver	protocol::uktzed::tests::multiple_hashes_only_first_delimits	false
live-dps	maria304_driver	maria304_driver	protocol::uktzed::tests::nine_digits_plus_hash_is_not_a_match	false
live-dps	maria304_driver	maria304_driver	protocol::uktzed::tests::plain_name_has_no_uktzed	false
live-dps	maria304_driver	maria304_driver	protocol::uktzed::tests::short_input_is_safe_without_panic	false
live-dps	maria304_driver	maria304_driver	protocol::uktzed::tests::ten_non_digit_chars_plus_hash_is_not_a_match	false
live-dps	maria304_driver	maria304_driver	protocol::uktzed::tests::well_formed_prefix_is_extracted	false
live-dps	maria304_driver	maria304_driver	session::dispatcher::tests::abort_check_resets_psdt_sequence_and_pending_return_number	false
live-dps	maria304_driver	maria304_driver	session::dispatcher::tests::bchn_does_not_transition_state	false
live-dps	maria304_driver	maria304_driver	session::dispatcher::tests::canc_closes_receipt_without_emitting_comp	false
live-dps	maria304_driver	maria304_driver	session::dispatcher::tests::comp_emits_data_frame_then_done_ready_and_closes_receipt	false
live-dps	maria304_driver	maria304_driver	session::dispatcher::tests::comp_without_open_receipt_emits_softnodoc	false
live-dps	maria304_driver	maria304_driver	session::dispatcher::tests::conf_after_every_kind_of_command_returns_valid_148_char_body	false
live-dps	maria304_driver	maria304_driver	session::dispatcher::tests::conf_reflects_last_successful_command	false
live-dps	maria304_driver	maria304_driver	session::dispatcher::tests::conf_works_before_login_and_returns_a_data_frame	false
live-dps	maria304_driver	maria304_driver	session::dispatcher::tests::csin_and_sync_work_before_login	false
live-dps	maria304_driver	maria304_driver	session::dispatcher::tests::csin_toggle_persists_across_later_commands	false
live-dps	maria304_driver	maria304_driver	session::dispatcher::tests::ctxt_does_not_close_receipt	false
live-dps	maria304_driver	maria304_driver	session::dispatcher::tests::error_dispatch_never_ends_with_ready	false
live-dps	maria304_driver	maria304_driver	session::dispatcher::tests::every_successful_dispatch_ends_with_ready	false
live-dps	maria304_driver	maria304_driver	session::dispatcher::tests::failed_upas_clears_prior_cashier_registration	false
live-dps	maria304_driver	maria304_driver	session::dispatcher::tests::fisc_accumulates_state_only_while_receipt_open	false
live-dps	maria304_driver	maria304_driver	session::dispatcher::tests::fiscal_command_before_login_emits_softupas	false
live-dps	maria304_driver	maria304_driver	session::dispatcher::tests::fiscal_line_without_receipt_emits_softnodoc	false
live-dps	maria304_driver	maria304_driver	session::dispatcher::tests::getd_works_before_login_and_carries_clock_values	false
live-dps	maria304_driver	maria304_driver	session::dispatcher::tests::invalid_params_emits_softcheck_not_done	false
live-dps	maria304_driver	maria304_driver	session::dispatcher::tests::invalid_params_marks_last_command_id_truncated_to_4_chars	false
live-dps	maria304_driver	maria304_driver	session::dispatcher::tests::pending_return_check_is_consumed_by_prep_exactly_once	false
live-dps	maria304_driver	maria304_driver	session::dispatcher::tests::preauth_upas_succeeds_with_default_password	false
live-dps	maria304_driver	maria304_driver	session::dispatcher::tests::prep_opens_receipt_and_clears_pending_return_number	false
live-dps	maria304_driver	maria304_driver	session::dispatcher::tests::prep_while_receipt_open_emits_softcheck	false
live-dps	maria304_driver	maria304_driver	session::dispatcher::tests::psdt_counter_increments_per_receipt_and_resets_on_comp	false
live-dps	maria304_driver	maria304_driver	session::dispatcher::tests::psdt_only_increments_sequence_on_psdt_not_other_receipt_cmds	false
live-dps	maria304_driver	maria304_driver	session::dispatcher::tests::setup_commands_stub_to_done_without_touching_state	false
live-dps	maria304_driver	maria304_driver	session::dispatcher::tests::successful_reauthentication_does_not_kick_state_backwards	false
live-dps	maria304_driver	maria304_driver	session::dispatcher::tests::svsl_before_login_is_rejected_with_softupas	false
live-dps	maria304_driver	maria304_driver	session::dispatcher::tests::svsl_updates_sys_key_position	false
live-dps	maria304_driver	maria304_driver	session::dispatcher::tests::svsl_with_unknown_mode_emits_softkey	false
live-dps	maria304_driver	maria304_driver	session::dispatcher::tests::two_receipts_in_sequence_both_close_cleanly	false
live-dps	maria304_driver	maria304_driver	session::dispatcher::tests::unknown_opcode_is_accepted_with_done	false
live-dps	maria304_driver	maria304_driver	session::dispatcher::tests::unknown_opcode_still_marks_last_command_id	false
live-dps	maria304_driver	maria304_driver	session::dispatcher::tests::upas_with_wrong_password_emits_softupas	false
live-dps	maria304_driver	maria304_driver	session::state::tests::cashier_registered_tracks_cashier_id_presence	false
live-dps	maria304_driver	maria304_driver	session::state::tests::expected_cmd_changes_with_receipt_open_flag	false
live-dps	maria304_driver	maria304_driver	session::state::tests::mark_command_ok_pads_short_opcodes_to_four_chars	false
live-dps	maria304_driver	maria304_driver	session::state::tests::mark_command_ok_truncates_long_opcodes_to_four_chars	false
live-dps	maria304_driver	maria304_driver	session::state::tests::new_session_starts_disconnected_and_cashierless	false
live-dps	maria304_driver	maria304_driver	session::state::tests::open_receipt_default_has_empty_department_and_no_return	false
live-dps	maria304_driver	maria304_driver	session::state::tests::receipt_open_true_only_while_in_receipt_state	false
live-dps	maria304_driver	maria304_driver	session::state::tests::session_default_matches_new	false
live-dps	maria304_driver	maria304_driver	wire::codec::tests::cmd_longer_than_252_rejected	false
live-dps	maria304_driver	maria304_driver	wire::codec::tests::cmd_max_252_accepted	false
live-dps	maria304_driver	maria304_driver	wire::codec::tests::cmd_shorter_than_4_rejected	false
live-dps	maria304_driver	maria304_driver	wire::codec::tests::cyrillic_command_roundtrip	false
live-dps	maria304_driver	maria304_driver	wire::codec::tests::decode_rejects_empty_buffer	false
live-dps	maria304_driver	maria304_driver	wire::codec::tests::decode_rejects_missing_start	false
live-dps	maria304_driver	maria304_driver	wire::codec::tests::decode_reports_incomplete_when_buffer_too_short	false
live-dps	maria304_driver	maria304_driver	wire::codec::tests::decode_self_verifies_via_crc_stream_over_full_frame	false
live-dps	maria304_driver	maria304_driver	wire::codec::tests::decode_with_crc_rejects_wrong_checksum	false
live-dps	maria304_driver	maria304_driver	wire::codec::tests::min_cmd_len_4_accepted	false
live-dps	maria304_driver	maria304_driver	wire::codec::tests::payload_bytes_fe_ff_are_sanitized_to_space	false
live-dps	maria304_driver	maria304_driver	wire::codec::tests::prep_frame_no_crc	false
live-dps	maria304_driver	maria304_driver	wire::codec::tests::prep_frame_with_crc	false
live-dps	maria304_driver	maria304_driver	wire::codec::tests::sanitized_frame_still_decodes_to_valid_text	false
live-dps	maria304_driver	maria304_driver	wire::codec::tests::streaming_scenario_back_to_back_frames	false
live-dps	maria304_driver	maria304_driver	wire::codec::tests::ukrainian_i_is_cyrillic_not_latin_in_frame	false
live-dps	maria304_driver	maria304_driver	wire::codec::tests::upas_login_frame_encoded_shape	false
live-dps	maria304_driver	maria304_driver	wire::cp866::tests::ascii_roundtrip	false
live-dps	maria304_driver	maria304_driver	wire::cp866::tests::bytes_never_collide_with_frame_markers_in_cyrillic	false
live-dps	maria304_driver	maria304_driver	wire::cp866::tests::mixed_ukrainian_sentence_matches_byte_reference	false
live-dps	maria304_driver	maria304_driver	wire::cp866::tests::nfc_precomposed_yi_encodes_as_single_byte	false
live-dps	maria304_driver	maria304_driver	wire::cp866::tests::nfd_decomposed_form_loses_combining_mark	false
live-dps	maria304_driver	maria304_driver	wire::cp866::tests::russian_lowercase_slot_positions	false
live-dps	maria304_driver	maria304_driver	wire::cp866::tests::russian_roundtrip	false
live-dps	maria304_driver	maria304_driver	wire::cp866::tests::ukrainian_glyphs_have_stable_byte_values	false
live-dps	maria304_driver	maria304_driver	wire::cp866::tests::unknown_glyph_falls_back_to_question_mark	false
live-dps	maria304_driver	maria304_driver	wire::crc::tests::byte_order_affects_crc	false
live-dps	maria304_driver	maria304_driver	wire::crc::tests::empty_buffer_is_zero	false
live-dps	maria304_driver	maria304_driver	wire::crc::tests::self_verification_property	false
live-dps	maria304_driver	maria304_driver	wire::crc::tests::single_bit_flip_changes_crc	false
live-dps	maria304_driver	maria304_driver	wire::crc::tests::single_ff_byte_matches_c_trace	false
live-dps	maria304_driver	maria304_driver	wire::crc::tests::single_zero_byte_is_zero	false
live-dps	maria304_driver	maria304_driver	wire::crc::tests::three_byte_abc_matches_hand_trace	false
live-dps	maria304_driver	maria304_driver	wire::llv::tests::display_trait_matches_to_wire	false
live-dps	maria304_driver	maria304_driver	wire::llv::tests::empty_string_encodes_as_zero_length	false
live-dps	maria304_driver	maria304_driver	wire::llv::tests::equality_follows_content	false
live-dps	maria304_driver	maria304_driver	wire::llv::tests::from_opt_none_is_null	false
live-dps	maria304_driver	maria304_driver	wire::llv::tests::from_opt_some_validates_length	false
live-dps	maria304_driver	maria304_driver	wire::llv::tests::len_2_digit_is_padded_for_all_lengths_1_to_9	false
live-dps	maria304_driver	maria304_driver	wire::llv::tests::length_100_is_rejected	false
live-dps	maria304_driver	maria304_driver	wire::llv::tests::length_is_zero_padded	false
live-dps	maria304_driver	maria304_driver	wire::llv::tests::max_length_99_is_accepted	false
live-dps	maria304_driver	maria304_driver	wire::llv::tests::null_encodes_as_double_zero	false
live-dps	maria304_driver	maria304_driver	wire::llv::tests::only_fallible_constructors_exist	false
live-dps	maria304_driver	maria304_driver	wire::llv::tests::psd_slip_composite_matches_reference	false
live-dps	maria304_driver	maria304_driver	wire::llv::tests::short_string_is_prefixed_with_two_digit_length	false
live-dps	maria304_driver	maria304_driver::bin/maria304_driver	startup_validation_tests::detect_duplicate_bind	false
live-dps	maria304_driver	maria304_driver::bin/maria304_driver	startup_validation_tests::detect_duplicate_fiscal_number	false
live-dps	maria304_driver	maria304_driver::bin/maria304_driver	startup_validation_tests::unique_configs_pass	false
live-dps	maria304_driver	maria304_driver::bridge_acceptance	bridge_error_surfaces_as_softblock_and_leaves_receipt_open	false
live-dps	maria304_driver	maria304_driver::bridge_acceptance	bridge_rejection_with_unknown_code_falls_back_to_softblock	false
live-dps	maria304_driver	maria304_driver::bridge_acceptance	bridge_typed_rejection_translates_to_specific_soft_code	false
live-dps	maria304_driver	maria304_driver::bridge_acceptance	cancel_receipt_does_not_hit_the_bridge	false
live-dps	maria304_driver	maria304_driver::bridge_acceptance	cancelled_then_reopened_receipt_starts_with_fresh_raw_frames	false
live-dps	maria304_driver	maria304_driver::bridge_acceptance	comp_accepted_closes_receipt	false
live-dps	maria304_driver	maria304_driver::bridge_acceptance	comp_retry_after_bridge_failure_submits_same_canonical_envelope	false
live-dps	maria304_driver	maria304_driver::bridge_acceptance	comp_retryable_leaves_receipt_open	false
live-dps	maria304_driver	maria304_driver::bridge_acceptance	comp_terminal_closes_receipt_as_rejected	false
live-dps	maria304_driver	maria304_driver::bridge_acceptance	idempotency_key_is_content_stable	false
live-dps	maria304_driver	maria304_driver::bridge_acceptance	return_line_opcode_marks_receipt_as_return	false
live-dps	maria304_driver	maria304_driver::bridge_acceptance	return_receipt_command_type_is_return_not_sell	false
live-dps	maria304_driver	maria304_driver::bridge_acceptance	sell_with_items_payments_slip_lands_canonical_envelope_on_bridge	false
live-dps	maria304_driver	maria304_driver::bridge_acceptance	session_psdt_sequence_stays_in_sync_with_receipt_psdt_sequence	false
live-dps	maria304_driver	maria304_driver::bridge_acceptance	submit_report_bridge_ok_false_returns_error	false
live-dps	maria304_driver	maria304_driver::bridge_acceptance	submit_report_bridge_ok_true_returns_done_ready	false
live-dps	maria304_driver	maria304_driver::bridge_http	empty_token_skips_authorization_header	false
live-dps	maria304_driver	maria304_driver::bridge_http	server_500_without_error_body_falls_back_to_http_code_as_rejected	false
live-dps	maria304_driver	maria304_driver::bridge_http	successful_ack_response_is_parsed_into_canonical_response	false
live-dps	maria304_driver	maria304_driver::bridge_http	typed_rejection_with_error_code_surfaces_as_rejected	false
live-dps	maria304_driver	maria304_driver::graceful_shutdown	cancellation_token_stops_waiting_task	false
live-dps	maria304_driver	maria304_driver::listener_tcp	csin1_response_is_sent_without_crc_matching_request_mode	false
live-dps	maria304_driver	maria304_driver::listener_tcp	post_disconnect_cooldown_rejects_immediate_reconnect	false
live-dps	maria304_driver	maria304_driver::listener_tcp	second_concurrent_connect_receives_softblock_and_is_closed	false
live-dps	maria304_driver	maria304_driver::listener_tcp	two_fns_on_two_ports_operate_independently	false
live-dps	maria304_driver	maria304_driver::listener_tcp	valid_sync_receives_done_ready_over_real_tcp	false
live-dps	maria304_driver	maria304_driver::pilot_scenario	alcohol_receipt_uses_cyrillic_dual_tax_codes_correctly	false
live-dps	maria304_driver	maria304_driver::pilot_scenario	cigarettes_dual_tax_mode_uses_group_four	false
live-dps	maria304_driver	maria304_driver::pilot_scenario	full_restaurant_receipt_with_alcohol_cigarettes_and_card_slip	false
live-dps	maria304_driver	maria304_driver::protocol_golden_vectors	comp_body_matches_hand_crafted_reference	false
live-dps	maria304_driver	maria304_driver::protocol_golden_vectors	comp_wire_payload_starts_with_opcode	false
live-dps	maria304_driver	maria304_driver::protocol_golden_vectors	conf_ascii_body_matches_hand_crafted_reference	false
live-dps	maria304_driver	maria304_driver::protocol_golden_vectors	conf_wire_payload_framed_with_crc_is_self_verifying	false
live-dps	maria304_driver	maria304_driver::protocol_golden_vectors	every_known_error_code_roundtrips_on_wire	false
live-dps	maria304_driver	maria304_driver::protocol_golden_vectors	response_done_produces_exact_wire_shape	false
live-dps	maria304_driver	maria304_driver::protocol_golden_vectors	response_error_softblock_goes_on_wire_with_full_identifier	false
live-dps	maria304_driver	maria304_driver::protocol_golden_vectors	response_ready_produces_exact_wire_shape	false
live-dps	maria304_driver	maria304_driver::protocol_golden_vectors	response_work_padded_to_min_cmd_len_on_wire	false
live-dps	maria304_driver	maria304_driver::reports_acceptance	firn_periodic_report_carries_znumber_range_in_body	false
live-dps	maria304_driver	maria304_driver::reports_acceptance	firp_periodic_report_carries_date_range_in_body	false
live-dps	maria304_driver	maria304_driver::reports_acceptance	iren_and_irep_use_periodic_report_command_type	false
live-dps	maria304_driver	maria304_driver::reports_acceptance	local_reports_do_not_hit_the_bridge	false
live-dps	maria304_driver	maria304_driver::reports_acceptance	nrep_lowercase_maps_to_shift_open_command_type	false
live-dps	maria304_driver	maria304_driver::reports_acceptance	report_bridge_failure_surfaces_as_softblock_not_done	false
live-dps	maria304_driver	maria304_driver::reports_acceptance	report_correlation_receipt_seq_bumps_on_every_successful_report	false
live-dps	maria304_driver	maria304_driver::reports_acceptance	report_firn_key_is_content_stable_across_tcp_sessions	false
live-dps	maria304_driver	maria304_driver::reports_acceptance	report_idempotency_key_includes_opcode_for_replay_safety	false
live-dps	maria304_driver	maria304_driver::reports_acceptance	x_report_is_allowed_while_nothing_is_open	false
live-dps	maria304_driver	maria304_driver::reports_acceptance	x_report_submits_with_xreport_command_type	false
live-dps	maria304_driver	maria304_driver::reports_acceptance	z_report_is_rejected_while_a_receipt_is_open	false
live-dps	maria304_driver	maria304_driver::reports_acceptance	z_report_submits_with_zreport_command_type	false
live-dps	maria304_driver	maria304_driver::session_login_flow	conf_payload_crc_self_verifies_on_the_wire	false
live-dps	maria304_driver	maria304_driver::session_login_flow	ole_manager_init_command_sequence_byte_for_byte	false
live-dps	maria304_driver	maria304_driver::session_login_flow	receipt_full_lifecycle_through_wire	false
live-dps	maria304_driver	maria304_driver::session_login_flow	unknown_opcode_responds_with_done_not_error	false
live-dps	maria304_driver	maria304_driver::spawn_blocking	dispatch_prepare_comp_returns_needs_bridge_without_calling_bridge	false
live-dps	maria304_driver	maria304_driver::spawn_blocking	dispatch_prepare_sync_returns_done_without_calling_bridge	false
live-dps	maria304_driver	maria304_driver::spawn_blocking	dispatch_prepare_unauthenticated_caioi_returns_softupas_not_bridge	false
live-dps	maria304_driver	maria304_driver::spawn_blocking	dispatch_prepare_unauthenticated_zrep_returns_softupas_not_bridge	false
live-dps	maria304_driver	maria304_driver::spawn_blocking	dispatch_prepare_zrep_returns_needs_bridge_without_calling_bridge	false
live-dps	maria304_driver	maria304_driver::spawn_blocking	dispatch_with_result_comp_accepted_clears_receipt	false
live-dps	maria304_driver	maria304_driver::spawn_blocking	dispatch_with_result_comp_transport_error_keeps_receipt_open	false
live-dps	maria304_driver	maria304_driver::spawn_blocking	spawn_blocking_bridge_submit_runs_outside_async_executor	false
live-dps	maria304_driver	maria304_driver::wire_vectors	consecutive_frames_with_mixed_crc_setting	false
live-dps	maria304_driver	maria304_driver::wire_vectors	crc_mismatch_surfaces_as_bad_crc_error	false
live-dps	maria304_driver	maria304_driver::wire_vectors	crc_stream_property_across_representative_commands	false
live-dps	maria304_driver	maria304_driver::wire_vectors	cyrillic_item_name_roundtrip_via_frame	false
live-dps	maria304_driver	maria304_driver::wire_vectors	decode_reference_prep1_frame	false
live-dps	maria304_driver	maria304_driver::wire_vectors	encode_frame_bytes_exposes_sanitization_branch	false
live-dps	maria304_driver	maria304_driver::wire_vectors	encode_prep1_produces_exact_reference_bytes	false
live-dps	maria304_driver	maria304_driver::wire_vectors	encode_prep1_with_crc_is_self_verifying	false
live-dps	maria304_driver	maria304_driver::wire_vectors	incomplete_buffer_never_false_positives_to_a_different_error	false
live-dps	maria304_driver	maria304_driver::wire_vectors	junk_prefix_before_start_byte_is_reported_as_missing_start	false
live-dps	maria304_driver	maria304_driver::wire_vectors	llv_composes_psd_slip_identically_to_reference	false
live-dps	maria304_driver	maria304_driver::wire_vectors	llv_rejects_oversized_input	false
live-dps	maria304_driver	maria304_driver::wire_vectors	max_length_command_roundtrip_with_crc	false
live-dps	maria304_driver	maria304_driver::wire_vectors	minimum_command_length_boundary_accepted	false
live-dps	maria304_driver	maria304_driver::wire_vectors	multiple_frames_stream_without_loss	false
live-dps	maria304_driver	maria304_driver::wire_vectors	oversized_buffer_without_valid_frame_reports_no_frame_found	false
live-dps	maria304_driver	maria304_driver::wire_vectors	split_reads_decode_incrementally	false
live-dps	maria304_driver	maria304_driver::wire_vectors	three_byte_command_rejected	false
live-dps	prro	prro	admin::tests::go_offline_inner_flips_offline_opens_session_and_audits	false
live-dps	prro	prro	admin::tests::go_offline_inner_refuses_empty_reason	false
live-dps	prro	prro	admin::tests::go_offline_inner_refuses_non_online	false
live-dps	prro	prro	admin::tests::go_offline_via_open_door_flips_and_opens_session	false
live-dps	prro	prro	admin::tests::go_online_inner_flips_offline_to_going_online	false
live-dps	prro	prro	admin::tests::go_online_via_open_door_flips_to_going_online	false
live-dps	prro	prro	admin::tests::replenish_drain_first_refusal_is_ex_usage_not_tempfail	false
live-dps	prro	prro	admin::tests::replenish_error_maps_to_nonzero_exit_code	false
live-dps	prro	prro	admin::tests::request_offline_codes_missing_fn_config_returns_typed_error	false
live-dps	prro	prro	admin::tests::reset_stop_mode_happy_path_transitions_to_going_online	false
live-dps	prro	prro	admin::tests::reset_stop_mode_refuses_empty_reason	false
live-dps	prro	prro	admin::tests::reset_stop_mode_refuses_missing_fiscal_number	false
live-dps	prro	prro	admin::tests::reset_stop_mode_refuses_when_not_in_stop_mode	false
live-dps	prro	prro	admin::tests::resolve_replenish_size_explicit_overrides_config	false
live-dps	prro	prro	admin::tests::resolve_replenish_size_from_config_when_not_specified	false
live-dps	prro	prro	admin::tests::resolve_replenish_size_zero_config_falls_back_to_default	false
live-dps	prro	prro	admin::tests::seed_offline_codes_accepts_min_lnd_and_single_code_boundaries	false
live-dps	prro	prro	admin::tests::seed_offline_codes_populates_pool_and_audits	false
live-dps	prro	prro	admin::tests::seed_offline_codes_rejects_invalid_range	false
live-dps	prro	prro	admin::tests::seed_offline_codes_rejects_overlap	false
live-dps	prro	prro	config::tests::backup_interval_clamps_and_defaults_in_range	false
live-dps	prro	prro	config::tests::dps_request_timeout_clamps_out_of_range	false
live-dps	prro	prro	config::tests::drain_interval_clamps_and_defaults_in_range	false
live-dps	prro	prro	config::tests::listen_addr_defaults_to_loopback	false
live-dps	prro	prro	config::tests::missing_secure_db_path_is_parse_error	false
live-dps	prro	prro	config::tests::online_convergence_interval_clamps_and_defaults_in_range	false
live-dps	prro	prro	config::tests::parses_secure_db_path_field	false
live-dps	prro	prro	config::tests::rs2_loopback_guard_accepts_ipv4_and_ipv6_loopback	false
live-dps	prro	prro	config::tests::rs2_loopback_guard_ignores_non_rest_http_listeners	false
live-dps	prro	prro	config::tests::rs2_loopback_guard_refuses_unspecified_and_routable	false
live-dps	prro	prro	config::tests::rs2_loopback_guard_rejects_hostname_fail_closed	false
live-dps	prro	prro	config::tests::shutdown_grace_clamps_and_defaults_in_range	false
live-dps	prro	prro	config::tests::supervisor_absent_defaults_disabled_and_boots	false
live-dps	prro	prro	config::tests::supervisor_disabled_ignores_set_endpoint	false
live-dps	prro	prro	config::tests::supervisor_enabled_with_endpoint_resolves	false
live-dps	prro	prro	config::tests::supervisor_enabled_without_endpoint_parses_but_startup_fails	false
live-dps	prro	prro	crypto::session::from_extracted_tests::from_extracted_no_cert_fails_closed	false
live-dps	prro	prro	crypto::session::from_extracted_tests::from_extracted_non_signing_cert_fails_closed	false
live-dps	prro	prro	crypto::session::from_extracted_tests::from_extracted_threads_operator_id_and_cert	false
live-dps	prro	prro	db::repositories::node_state::tests::decode_exact_32_is_ok_some	false
live-dps	prro	prro	db::repositories::node_state::tests::decode_none_is_ok_none	false
live-dps	prro	prro	db::repositories::node_state::tests::decode_too_long_fails_closed	false
live-dps	prro	prro	db::repositories::node_state::tests::decode_too_short_fails_closed	false
live-dps	prro	prro	db::tx::tests::new_for_test_visible_inside_db_tx	false
live-dps	prro	prro	runtime::fn_gate::tests::different_fns_do_not_contend	false
live-dps	prro	prro	runtime::fn_gate::tests::dropping_the_guard_releases_the_gate	false
live-dps	prro	prro	runtime::fn_gate::tests::many_waiters_one_at_a_time	false
live-dps	prro	prro	runtime::fn_gate::tests::reacquiring_same_fn_reuses_one_entry	false
live-dps	prro	prro	runtime::fn_gate::tests::same_fn_second_acquire_blocks_until_release	false
live-dps	prro	prro	runtime::ingress::convert::tests::aggregate_accumulates_same_group_across_receipts	false
live-dps	prro	prro	runtime::ingress::convert::tests::aggregate_distinct_names_same_type_code_split_into_two_rows	false
live-dps	prro	prro	runtime::ingress::convert::tests::aggregate_empty_shift_is_zero_no_synthesized_rows	false
live-dps	prro	prro	runtime::ingress::convert::tests::aggregate_groups_sell_in_return_out	false
live-dps	prro	prro	runtime::ingress::convert::tests::aggregate_malformed_stored_payload_is_typed_error	false
live-dps	prro	prro	runtime::ingress::convert::tests::aggregate_missing_payments_field_is_typed_error	false
live-dps	prro	prro	runtime::ingress::convert::tests::aggregate_negative_stored_payment_sum_is_typed_error	false
live-dps	prro	prro	runtime::ingress::convert::tests::aggregate_unexpected_doc_type_is_typed_error	false
live-dps	prro	prro	runtime::ingress::convert::tests::aggregated_zreport_parses_through_signer	false
live-dps	prro	prro	runtime::ingress::convert::tests::converted_check_items_parse_through_signer	false
live-dps	prro	prro	runtime::ingress::convert::tests::converted_shift_open_parses_through_signer	false
live-dps	prro	prro	runtime::ingress::convert::tests::item_maps_code_quantity_tax_and_omits_zero_discount	false
live-dps	prro	prro	runtime::ingress::convert::tests::item_missing_article_code_is_typed_error	false
live-dps	prro	prro	runtime::ingress::convert::tests::item_nonzero_discount_maps_to_single_value_adjustment	false
live-dps	prro	prro	runtime::ingress::convert::tests::item_sum_kop_checked_and_no_silent_floor	false
live-dps	prro	prro	runtime::ingress::convert::tests::maximal_item_parses_through_signer	false
live-dps	prro	prro	runtime::ingress::convert::tests::payment_slot_indices_are_frozen	false
live-dps	prro	prro	runtime::ingress::convert::tests::secondary_tax_is_fail_closed_three_way_matrix	false
live-dps	prro	prro	runtime::ingress::convert::tests::zero_quantity_line_is_typed_error	false
live-dps	prro	prro	runtime::ingress::dto::response_tests::conflict_error_carries_config_drift_flag	false
live-dps	prro	prro	runtime::ingress::dto::response_tests::error_response_is_driver_decodable	false
live-dps	prro	prro	runtime::ingress::dto::response_tests::offline_local_ack_response_has_null_fiscal_id_not_empty	false
live-dps	prro	prro	runtime::ingress::dto::response_tests::request_id_to_string_is_lowercase_32_char_hex	false
live-dps	prro	prro	runtime::ingress::dto::response_tests::status_wire_enum_contract	false
live-dps	prro	prro	runtime::ingress::dto::response_tests::success_response_includes_report_xml_when_present	false
live-dps	prro	prro	runtime::ingress::dto::response_tests::success_response_shape_and_omits_report_xml_when_none	false
live-dps	prro	prro	runtime::ingress::handler::tests::classify_outcome_classifies_every_doc_state	false
live-dps	prro	prro	runtime::ingress::handler::tests::conflict_references_persisted_id_and_audits_both	false
live-dps	prro	prro	runtime::ingress::handler::tests::convert_error_rejected_422_without_inbox_row	false
live-dps	prro	prro	runtime::ingress::handler::tests::handler_created_row_carries_listener_driver_and_validated_cashier	false
live-dps	prro	prro	runtime::ingress::handler::tests::in_flight_sending_maps_202_in_progress_error_envelope	false
live-dps	prro	prro	runtime::ingress::handler::tests::null_return_check_number_flows_past_the_guard	false
live-dps	prro	prro	runtime::ingress::handler::tests::offline_local_ack_maps_200_with_null_fiscal_id	false
live-dps	prro	prro	runtime::ingress::handler::tests::offline_success_has_null_fiscal_id	false
live-dps	prro	prro	runtime::ingress::handler::tests::ok_with_terminal_failure_state_is_500_and_audited	false
live-dps	prro	prro	runtime::ingress::handler::tests::real_fiscal_failures_map_status_and_keep_inbox_row	false
live-dps	prro	prro	runtime::ingress::handler::tests::release_deletes_only_owned_row_not_wrong_seam_id	false
live-dps	prro	prro	runtime::ingress::handler::tests::replay_same_payload_maps_in_progress_202	false
live-dps	prro	prro	runtime::ingress::handler::tests::retry_after_not_implemented_reattempts_not_stuck	false
live-dps	prro	prro	runtime::ingress::handler::tests::return_with_return_check_number_is_rejected_422_without_inbox_row	false
live-dps	prro	prro	runtime::ingress::handler::tests::sell_with_return_check_number_is_rejected_422_without_inbox_row	false
live-dps	prro	prro	runtime::ingress::handler::tests::shift_open_with_raw_frames_is_rejected_422_without_inbox_row	false
live-dps	prro	prro	runtime::ingress::handler::tests::slot_rename_mid_retry_is_config_drift_conflict	false
live-dps	prro	prro	runtime::ingress::handler::tests::status_map_never_silent_2xx	false
live-dps	prro	prro	runtime::ingress::handler::tests::unsupported_command_is_rejected_422_without_inbox_row	false
live-dps	prro	prro	runtime::ingress::handler::tests::x_report_no_open_shift_is_422_row_less	false
live-dps	prro	prro	runtime::ingress::handler::tests::z_class_is_only_zreport_and_shiftclose	false
live-dps	prro	prro	runtime::ingress::handler::tests::z_class_stores_wire_intent_not_aggregated_zreport	false
live-dps	prro	prro	runtime::ingress::handler::tests::z_surface_flip_is_coupled_to_ingress_guards	false
live-dps	prro	prro	runtime::ingress::policy::tests::cash_movement_and_periodic_are_unsupported	false
live-dps	prro	prro	runtime::ingress::policy::tests::signable_set_matches_signer	false
live-dps	prro	prro	runtime::ingress::policy::tests::xreport_is_read_only	false
live-dps	prro	prro	runtime::ingress::preflight::tests::cash_only_baseline_ok	false
live-dps	prro	prro	runtime::ingress::preflight::tests::cash_slot_not_cash_fails	false
live-dps	prro	prro	runtime::ingress::preflight::tests::cashless_slot_marked_cash_fails	false
live-dps	prro	prro	runtime::ingress::preflight::tests::full_correct_layout_ok	false
live-dps	prro	prro	runtime::ingress::preflight::tests::inactive_drifted_slot_is_ignored	false
live-dps	prro	prro	runtime::ingress::preflight::tests::missing_cash_slot_fails	false
live-dps	prro	prro	runtime::ingress::replay::tests::accepted_ack_without_server_fiscal_no_is_drift	false
live-dps	prro	prro	runtime::ingress::replay::tests::accepted_offline_local_ack_completed_null_fiscal_id_and_ts	false
live-dps	prro	prro	runtime::ingress::replay::tests::accepted_online_ack_carries_fiscal_id_and_first_kvt1_at	false
live-dps	prro	prro	runtime::ingress::replay::tests::accepted_sell_without_total_is_drift	false
live-dps	prro	prro	runtime::ingress::replay::tests::conflict_is_labeled_config_drift_not_tampering	false
live-dps	prro	prro	runtime::ingress::replay::tests::inbox_rejected_is_failed	false
live-dps	prro	prro	runtime::ingress::seam::tests::outcome_expresses_fiscal_id_state_and_report_xml	false
live-dps	prro	prro	runtime::ingress::seam::tests::unimplemented_fails_closed_never_success	false
live-dps	prro	prro	runtime::ingress::server::tests::allowed_source_valid_command_reaches_handler	false
live-dps	prro	prro	runtime::ingress::server::tests::malformed_json_is_400	false
live-dps	prro	prro	runtime::ingress::server::tests::maria304_source_is_gated_off	false
live-dps	prro	prro	runtime::ingress::server::tests::oversized_body_is_413	false
live-dps	prro	prro	runtime::ingress::server::tests::status_cross_fn_is_403	false
live-dps	prro	prro	runtime::ingress::server::tests::status_no_node_state_is_404	false
live-dps	prro	prro	runtime::ingress::server::tests::status_reflects_node_state	false
live-dps	prro	prro	runtime::ingress::server::tests::status_surfaces_active_offline_session	false
live-dps	prro	prro	runtime::ingress::server::tests::status_surfaces_last_server_fiscal_no	false
live-dps	prro	prro	runtime::ingress::server::tests::unknown_source_is_404	false
live-dps	prro	prro	services::cert_refresher::helper_tests::compute_fingerprint_is_deterministic_64_hex	false
live-dps	prro	prro	services::cert_refresher::helper_tests::hex_to_ski_accepts_uppercase	false
live-dps	prro	prro	services::cert_refresher::helper_tests::hex_to_ski_accepts_valid_64char_hex	false
live-dps	prro	prro	services::cert_refresher::helper_tests::hex_to_ski_rejects_long_input	false
live-dps	prro	prro	services::cert_refresher::helper_tests::hex_to_ski_rejects_non_hex_chars	false
live-dps	prro	prro	services::cert_refresher::helper_tests::hex_to_ski_rejects_short_input	false
live-dps	prro	prro	services::cert_refresher::helper_tests::map_crypto_to_refresh_routes_known_outcomes	false
live-dps	prro	prro	services::cert_refresher::helper_tests::parse_iso8601_rejects_malformed	false
live-dps	prro	prro	services::cert_refresher::helper_tests::parse_iso8601_round_trip	false
live-dps	prro	prro	services::cert_refresher::refresh_clamp_tests::refresh_within_days_clamped_to_sane_range	false
live-dps	prro	prro	services::cert_refresher::stale_read_tests::key_roll_atomic_detects_stale_active_ski_and_rolls_back	false
live-dps	prro	prro	services::offline_sync::backlog_drain::eligible_arm_tests::c6_eligible_arm_commits_mode_session_audits_and_finalizes_summary	false
live-dps	prro	prro	services::offline_sync::backlog_drain::eligible_arm_tests::c6_finalize_closes_closing_local_pending_drain_ladder_to_closed	false
live-dps	prro	prro	services::offline_sync::backlog_drain::eligible_arm_tests::c6_finalize_closes_opened_local_pending_drain_ladder_to_opened	false
live-dps	prro	prro	services::offline_sync::backlog_drain::eligible_arm_tests::end_mint_refused_while_reservation_active_no_doc_no_lnd	false
live-dps	prro	prro	services::offline_sync::backlog_drain::w12_control_surface_tests::build_finalize_payload_includes_all_three_w12_counters	false
live-dps	prro	prro	services::offline_sync::backlog_drain::w12_control_surface_tests::eligible_only_when_all_w12_counters_zero_and_acked_complete	false
live-dps	prro	prro	services::offline_sync::backlog_drain::w12_control_surface_tests::er_redrive_queued_blocks_finalize_with_docs_er_redrive_queued	false
live-dps	prro	prro	services::offline_sync::backlog_drain::w12_control_surface_tests::held_at_kvt1_blocks_finalize_with_docs_held_at_kvt1	false
live-dps	prro	prro	services::offline_sync::backlog_drain::w12_control_surface_tests::held_at_kvt1_takes_precedence_over_held_at_sent_and_er_redrive	false
live-dps	prro	prro	services::offline_sync::backlog_drain::w12_control_surface_tests::held_at_sent_blocks_finalize_with_docs_held_at_sent	false
live-dps	prro	prro	services::offline_sync::backlog_drain::w12_control_surface_tests::held_at_sent_takes_precedence_over_er_redrive_queued	false
live-dps	prro	prro	services::offline_sync::backlog_drain::w12_control_surface_tests::hold_fn_drain_variant_constructible_per_projection	false
live-dps	prro	prro	services::offline_sync::backlog_drain::w12_control_surface_tests::not_eligible_reason_as_json_docs_er_redrive_queued	false
live-dps	prro	prro	services::offline_sync::backlog_drain::w12_control_surface_tests::not_eligible_reason_as_json_docs_held_at_kvt1	false
live-dps	prro	prro	services::offline_sync::backlog_drain::w12_control_surface_tests::not_eligible_reason_as_json_docs_held_at_sent	false
live-dps	prro	prro	services::offline_sync::backlog_drain::w12_control_surface_tests::per_doc_failure_takes_precedence_over_w12_counters	false
live-dps	prro	prro	services::offline_sync::backlog_drain::w12_control_surface_tests::record_doc_er_redrive_queued_increments_counter	false
live-dps	prro	prro	services::offline_sync::backlog_drain::w12_control_surface_tests::record_doc_held_at_kvt1_increments_counter	false
live-dps	prro	prro	services::offline_sync::backlog_drain::w12_control_surface_tests::record_doc_held_at_sent_increments_counter	false
live-dps	prro	prro	services::offline_sync::backlog_drain::w12_control_surface_tests::w12_counters_take_precedence_over_legacy_deferred_at_kvt1	false
live-dps	prro	prro	services::offline_sync::backoff::tests::check_eligibility_returns_none_for_elapsed_window	false
live-dps	prro	prro	services::offline_sync::backoff::tests::check_eligibility_returns_none_for_unknown_fn	false
live-dps	prro	prro	services::offline_sync::backoff::tests::check_eligibility_returns_until_for_within_window	false
live-dps	prro	prro	services::offline_sync::backoff::tests::compute_backoff_window_does_not_panic_on_extreme_input	false
live-dps	prro	prro	services::offline_sync::backoff::tests::compute_backoff_window_schedule_matches_doc	false
live-dps	prro	prro	services::offline_sync::backoff::tests::on_advance_resets_state	false
live-dps	prro	prro	services::offline_sync::backoff::tests::on_hold_increments_counter_and_pushes_next_eligible	false
live-dps	prro	prro	services::offline_sync::kvt2_confirm::tests::classify_remote_status_and_indeterminate_hold_dps_server_ra	false
live-dps	prro	prro	services::offline_sync::kvt2_confirm::tests::err_authorization_returns_hold_dps_authorization	false
live-dps	prro	prro	services::offline_sync::kvt2_confirm::tests::err_decode_returns_hold_dps_decode	false
live-dps	prro	prro	services::offline_sync::kvt2_confirm::tests::err_mismatch_returns_structural_drift_kvt1_reentry	false
live-dps	prro	prro	services::offline_sync::kvt2_confirm::tests::err_mismatch_returns_structural_drift_sent_fresh	false
live-dps	prro	prro	services::offline_sync::kvt2_confirm::tests::err_mismatch_returns_structural_drift_sent_replay	false
live-dps	prro	prro	services::offline_sync::kvt2_confirm::tests::err_not_found_kvt1_reentry_returns_structural_drift	false
live-dps	prro	prro	services::offline_sync::kvt2_confirm::tests::err_not_found_sent_fresh_returns_structural_drift	false
live-dps	prro	prro	services::offline_sync::kvt2_confirm::tests::err_not_found_sent_replay_returns_sent_not_found_downgrade	false
live-dps	prro	prro	services::offline_sync::kvt2_confirm::tests::err_not_found_sent_replay_without_trace_attempt_no_panics	false
live-dps	prro	prro	services::offline_sync::kvt2_confirm::tests::err_other_variant_falls_back_to_hold_dps_server_defensively	false
live-dps	prro	prro	services::offline_sync::kvt2_confirm::tests::err_server_returns_hold_dps_server_with_code_in_msg	false
live-dps	prro	prro	services::offline_sync::kvt2_confirm::tests::err_transport_returns_hold_dps_transport	false
live-dps	prro	prro	services::offline_sync::kvt2_confirm::tests::map_hold_reason_to_class_covers_all_5_branches	false
live-dps	prro	prro	services::offline_sync::kvt2_confirm::tests::ok_with_data_sign_returns_acked_kvt1_reentry	false
live-dps	prro	prro	services::offline_sync::kvt2_confirm::tests::ok_with_data_sign_returns_acked_sent_fresh	false
live-dps	prro	prro	services::offline_sync::kvt2_confirm::tests::ok_with_data_sign_returns_acked_sent_replay_threads_trace_attempt_no	false
live-dps	prro	prro	services::offline_sync::kvt2_confirm::tests::ok_with_empty_data_sign_returns_hold_data_sign_empty	false
live-dps	prro	prro	services::offline_sync::return_online_probe::ra_tests::dps_error_class_labels_remote_status_and_indeterminate_ra	false
live-dps	prro	prro	services::reconciliation::boot_phase::tests::answered_wire_contact_classifies_buckets	false
live-dps	prro	prro	services::reconciliation::boot_phase::tests::classify_send_dispatch_maps_every_variant	false
live-dps	prro	prro	services::reconciliation::boot_phase::tests::emit_dispatch_error_idempotent_under_repeated_calls	false
live-dps	prro	prro	services::reconciliation::boot_phase::tests::emit_dispatch_error_writes_audit_and_increments_counter	false
live-dps	prro	prro	services::reconciliation::boot_phase::tests::nc03_boot_preserves_not_accepted_offline_rewind	false
live-dps	prro	prro	services::reconciliation::boot_phase::tests::nc03_boot_recovers_non_doc_t112_rewind_target	false
live-dps	prro	prro	services::reconciliation::guard::tests::for_integration_test_only_compiles_and_borrows	false
live-dps	prro	prro	services::reconciliation::guard::tests::from_app_mutex_compiles_inside_crate	false
live-dps	prro	prro	services::reconciliation::last_chk_probe::tests::probe_decode_escalate_on_decode_error	false
live-dps	prro	prro	services::reconciliation::last_chk_probe::tests::probe_indeterminate_projects_to_unexpected_ra	false
live-dps	prro	prro	services::reconciliation::last_chk_probe::tests::probe_match_when_ack_id_equals_expected	false
live-dps	prro	prro	services::reconciliation::last_chk_probe::tests::probe_mismatch_when_ack_id_differs	false
live-dps	prro	prro	services::reconciliation::last_chk_probe::tests::probe_not_found_on_dps_not_found	false
live-dps	prro	prro	services::reconciliation::last_chk_probe::tests::probe_remote_status_projects_to_unexpected_ra	false
live-dps	prro	prro	services::reconciliation::last_chk_probe::tests::probe_transport_retry_on_transport_error	false
live-dps	prro	prro	services::reconciliation::last_chk_probe::tests::probe_unexpected_on_non_query_dps_error	false
live-dps	prro	prro	services::time_budget::tests::admission_refuses_session_and_month_at_boundaries	false
live-dps	prro	prro	services::time_budget::tests::admission_refuses_shift_at_24h_and_toggle_off_admits	false
live-dps	prro	prro	services::time_budget::tests::backwards_clock_clamps_to_zero_not_negative	false
live-dps	prro	prro	services::time_budget::tests::fixed_clock_advances_deterministically	false
live-dps	prro	prro	services::time_budget::tests::month_open_session_clamps_end_to_now	false
live-dps	prro	prro	services::time_budget::tests::month_overlap_only_counts_current_calendar_month	false
live-dps	prro	prro	services::time_budget::tests::month_recompute_sums_intervals_clamped	false
live-dps	prro	prro	services::write_path::auto_z::tests::auto_z_key_and_request_id_are_distinct_per_shift	false
live-dps	prro	prro	services::write_path::error_routing::tests::audit_event_as_str_returns_canonical_wire_strings	false
live-dps	prro	prro	services::write_path::error_routing::tests::fixture_01_transport_routes_to_transient_retry	false
live-dps	prro	prro	services::write_path::error_routing::tests::fixture_02_authorization_document_reject_routes_to_terminal	false
live-dps	prro	prro	services::write_path::error_routing::tests::fixture_03_authorization_fn_not_registered_minus_13	false
live-dps	prro	prro	services::write_path::error_routing::tests::fixture_04_authorization_fn_not_registered_minus_14	false
live-dps	prro	prro	services::write_path::error_routing::tests::fixture_05_decode_routes_to_probe_required	false
live-dps	prro	prro	services::write_path::error_routing::tests::fixture_06_not_found_on_live_routes_to_wrapper_bug	false
live-dps	prro	prro	services::write_path::error_routing::tests::fixture_07_server_fiscal_id_mismatch_routes_to_wrapper_bug_distinct_audit	false
live-dps	prro	prro	services::write_path::error_routing::tests::fixture_08_query_not_supported_on_live_routes_to_wrapper_bug	false
live-dps	prro	prro	services::write_path::error_routing::tests::fixture_09_internal_routes_to_wrapper_bug	false
live-dps	prro	prro	services::write_path::error_routing::tests::fixture_10_server_dispatch_delegates_to_route_server_code	false
live-dps	prro	prro	services::write_path::error_routing::tests::fixture_11_server_minus_2_non_shift_routes_to_terminal	false
live-dps	prro	prro	services::write_path::error_routing::tests::fixture_12_server_minus_2_close_shift_routes_to_probe_required_message_independent	false
live-dps	prro	prro	services::write_path::error_routing::tests::fixture_13_server_minus_3_routes_to_transient_retry	false
live-dps	prro	prro	services::write_path::error_routing::tests::fixture_14_server_minus_5_routes_to_terminal	false
live-dps	prro	prro	services::write_path::error_routing::tests::fixture_15_server_minus_6_routes_to_operator_escalation	false
live-dps	prro	prro	services::write_path::error_routing::tests::fixture_16_server_minus_7_to_minus_10_xml_class_routes_to_terminal	false
live-dps	prro	prro	services::write_path::error_routing::tests::fixture_17_server_minus_11_routes_to_terminal_with_node_blocked_flip	false
live-dps	prro	prro	services::write_path::error_routing::tests::fixture_18_server_minus_12_routes_to_mac_recovery	false
live-dps	prro	prro	services::write_path::error_routing::tests::fixture_19_server_minus_15_close_shift_routes_to_probe_required	false
live-dps	prro	prro	services::write_path::error_routing::tests::fixture_20_server_minus_15_non_shift_routes_to_terminal	false
live-dps	prro	prro	services::write_path::error_routing::tests::fixture_21_server_minus_16_m3a_routes_to_terminal_alert	false
live-dps	prro	prro	services::write_path::error_routing::tests::is_live_send_false_currently_mirrors_true_w10_reserves_for_w9	false
live-dps	prro	prro	services::write_path::error_routing::tests::mac_recovery_class_carries_hint_with_raw_message	false
live-dps	prro	prro	services::write_path::error_routing::tests::probe_required_class_carries_probe_hint	false
live-dps	prro	prro	services::write_path::error_routing::tests::route_send_result_err_arm_delegates_to_route_dps_error	false
live-dps	prro	prro	services::write_path::error_routing::tests::route_send_result_ok_arm_yields_sent_with_server_fiscal_no	false
live-dps	prro	prro	services::write_path::error_routing::tests::terminal_reject_class_routes_to_rejected_state_only	false
live-dps	prro	prro	services::write_path::error_routing::tests::unknown_server_code_routes_to_wrapper_bug_fail_closed	false
live-dps	prro	prro	services::write_path::error_routing::tests::wrapper_bug_class_always_routes_to_error_retryable	false
live-dps	prro	prro	services::write_path::inline::tests::acked_returns_data_sign_evidence	false
live-dps	prro	prro	services::write_path::inline::tests::chain_seed_mismatch_escalates_fn_to_manual	false
live-dps	prro	prro	services::write_path::inline::tests::chain_seed_mismatch_escalation_is_idempotent	false
live-dps	prro	prro	services::write_path::inline::tests::empty_data_sign_returns_hold	false
live-dps	prro	prro	services::write_path::inline::tests::id_mismatch_returns_drift	false
live-dps	prro	prro	services::write_path::inline::tests::not_found_returns_drift	false
live-dps	prro	prro	services::write_path::inline::tests::shift_class_reject_escalation_is_idempotent	false
live-dps	prro	prro	services::write_path::inline::tests::structural_drift_terminalises_without_escalation	false
live-dps	prro	prro	services::write_path::inline::tests::terminal_ack_is_success_with_fiscal_id	false
live-dps	prro	prro	services::write_path::inline::tests::terminal_ledger_verdict_discriminates_known_terminal_from_unknown_drift	false
live-dps	prro	prro	services::write_path::inline::tests::terminal_malformed_document_id_is_internal_drift	false
live-dps	prro	prro	services::write_path::inline::tests::terminal_manual_recon_is_internal_manual_recon	false
live-dps	prro	prro	services::write_path::inline::tests::terminal_offline_local_ack_is_success_no_id	false
live-dps	prro	prro	services::write_path::inline::tests::terminal_rejected_is_dps_rejected	false
live-dps	prro	prro	services::write_path::inline::tests::terminal_sent_is_in_flight_in_progress	false
live-dps	prro	prro	services::write_path::inline::tests::terminalise_aborts_sell_on_olpd_shift_without_escalation	false
live-dps	prro	prro	services::write_path::inline::tests::terminalise_aborts_shift_open_and_escalates_olpd_orphan_to_rmr	false
live-dps	prro	prro	services::write_path::inline::tests::terminalise_aborts_z_report_and_escalates_clpd_orphan_to_rmr	false
live-dps	prro	prro	services::write_path::inline::tests::transport_error_returns_hold	false
live-dps	prro	prro	services::write_path::inline_map::tests::build_reject_codes_round_trip_to_500	false
live-dps	prro	prro	services::write_path::inline_map::tests::code_consts_round_trip_to_expected_http_class	false
live-dps	prro	prro	services::write_path::inline_map::tests::fixed_variant_literals_round_trip_to_expected_http_class	false
live-dps	prro	prro	services::write_path::inline_map::tests::offline_refusal_splits_node_503_vs_structural_500	false
live-dps	prro	prro	services::write_path::inline_map::tests::rejection_maps_to_signed_codes	false
live-dps	prro	prro	services::write_path::inline_map::tests::send_outcome_routes_every_disposition	false
live-dps	prro	prro	services::write_path::inline_map::tests::sign_error_crypto_is_signfailure_rest_internal	false
live-dps	prro	prro	services::write_path::inline_map::tests::signer_refused_splits_cashier_mismatch_422_vs_structural_500	false
live-dps	prro	prro	services::write_path::mac_recovery::tests::hex_lower_round_trips	false
live-dps	prro	prro	services::write_path::mac_recovery::tests::outcome_variants_are_distinct	false
live-dps	prro	prro	services::write_path::mac_recovery::tests::regex_extract_decodes_byte_order_correctly	false
live-dps	prro	prro	services::write_path::mac_recovery::tests::regex_extract_empty_message_returns_none	false
live-dps	prro	prro	services::write_path::mac_recovery::tests::regex_extract_finds_hash_after_first_store_occurrence	false
live-dps	prro	prro	services::write_path::mac_recovery::tests::regex_extract_happy_lowercase	false
live-dps	prro	prro	services::write_path::mac_recovery::tests::regex_extract_happy_mixed_case	false
live-dps	prro	prro	services::write_path::mac_recovery::tests::regex_extract_happy_uppercase	false
live-dps	prro	prro	services::write_path::mac_recovery::tests::regex_extract_no_store_substring_returns_none	false
live-dps	prro	prro	services::write_path::mac_recovery::tests::regex_extract_non_hex_in_payload_returns_none	false
live-dps	prro	prro	services::write_path::mac_recovery::tests::regex_extract_short_hex_after_store_returns_none	false
live-dps	prro	prro	services::write_path::stage_acquire::channel_aware_matrix_tests::check_shift_guard_matches_oracle_for_all_162_cells	false
live-dps	prro	prro	services::write_path::stage_acquire::channel_aware_matrix_tests::matrix_constants_have_exactly_expected_arity	false
live-dps	prro	prro	services::write_path::stage_send::tests::build_envelope_invalid_business_ts_returns_typed_error	false
live-dps	prro	prro	services::write_path::stage_send::tests::build_envelope_lnd_overflow_returns_typed_error	false
live-dps	prro	prro	services::write_path::stage_send::tests::build_envelope_offline_boundaries_use_raw_signed_ts_even_when_end_is_online_shaped	false
live-dps	prro	prro	services::write_path::stage_send::tests::build_envelope_offline_drain_uses_raw_signed_ts_across_kyiv_dst	false
live-dps	prro	prro	services::write_path::stage_send::tests::build_envelope_offline_session_begin_uses_servicechk_and_passes_lnd	false
live-dps	prro	prro	services::write_path::stage_send::tests::build_envelope_offline_session_end_uses_servicechk_and_passes_lnd	false
live-dps	prro	prro	services::write_path::stage_send::tests::build_envelope_online_date_time_equals_ts_summer_dst	false
live-dps	prro	prro	services::write_path::stage_send::tests::build_envelope_online_date_time_equals_ts_winter	false
live-dps	prro	prro	services::write_path::stage_send::tests::build_envelope_return_uses_chk_check_type	false
live-dps	prro	prro	services::write_path::stage_send::tests::build_envelope_sell_passes_lnd_and_chk	false
live-dps	prro	prro	services::write_path::stage_send::tests::build_envelope_shift_close_routes_through_zreport	false
live-dps	prro	prro	services::write_path::stage_send::tests::build_envelope_shift_open_overrides_local_number_to_zero	false
live-dps	prro	prro	services::write_path::stage_send::tests::build_envelope_shift_open_skips_lnd_overflow_check	false
live-dps	prro	prro	services::write_path::stage_send::tests::build_envelope_unsupported_doc_type_fails_closed	false
live-dps	prro	prro	services::write_path::stage_send::tests::build_envelope_z_report_uses_zreport_check_type	false
live-dps	prro	prro	services::write_path::stage_send::tests::envelope_hash_is_deterministic	false
live-dps	prro	prro	services::write_path::stage_send::tests::envelope_hash_reflects_check_sign_drift	false
live-dps	prro	prro	services::write_path::stage_send::tests::envelope_hash_reflects_non_cms_field_drift	false
live-dps	prro	prro	services::write_path::stage_send::tests::extract_wire_forensics_carries_status_code_and_kind_per_variant	false
live-dps	prro	prro	services::write_path::stage_send::tests::extract_wire_forensics_remote_status_and_indeterminate_project_to_transport_ra	false
live-dps	prro	prro	services::write_path::stage_send::tests::now_db_format_matches_sqlite_current_timestamp_shape	false
live-dps	prro	prro	services::write_path::stage_send::tests::truncate_msg_caps_at_512_bytes	false
live-dps	prro	prro	services::write_path::stage_send::tests::truncate_msg_passes_short_strings_unchanged	false
live-dps	prro	prro	services::write_path::stage_send::tests::truncate_msg_respects_utf8_boundaries	false
live-dps	prro	prro	services::write_path::stage_send::tests::wire_decision_from_locks_authority_tuple	false
live-dps	prro	prro	services::write_path::stage_send::tests::wire_decision_to_outcome_kind_maps_per_w10_table	false
live-dps	prro	prro	transports::dps::apply_plan_pin::s7_applyplan_missing_status_audit_is_decode_unknown_not_probe_required	false
live-dps	prro	prro	transports::dps::apply_plan_pin::s7_applyplan_ok_arms_route_to_sent	false
live-dps	prro	prro	transports::dps::apply_plan_pin::s7_applyplan_routing_projection_is_locked	false
live-dps	prro	prro	transports::dps::digest_framing::tests::check_response_shape_matches_independent_preimage	false
live-dps	prro	prro	transports::dps::digest_framing::tests::distinct_content_yields_distinct_digest	false
live-dps	prro	prro	transports::dps::digest_framing::tests::grpc_status_uses_numeric_code_not_debug	false
live-dps	prro	prro	transports::dps::digest_framing::tests::repeated_nested_operators_are_recursive_and_counted	false
live-dps	prro	prro	transports::dps::dto::tests::pin3_digest_gap_shadow_carries_real_digest_where_legacy_server_has_none	false
live-dps	prro	prro	transports::dps::dto::tests::pin3_legacy_leg_is_byte_identical_to_try_decode	false
live-dps	prro	prro	transports::dps::dto::tests::pin3_neg4_legacy_and_shadow_share_one_digest_mint	false
live-dps	prro	prro	transports::dps::dto::tests::pin3_ok_empty_id_splits_to_ok_no_fiscal_id	false
live-dps	prro	prro	transports::dps::dto::tests::pin3_raw_reply_mapping_is_exhaustive	false
live-dps	prro	prro	transports::dps::dto::tests::r3_indeterminate_carries_reply_digest_not_fabricated	false
live-dps	prro	prro	transports::dps::dto::tests::rp4b_3_neg4_check_response_is_not_transport	false
live-dps	prro	prro	transports::dps::dto::tests::rp4b_3_neg4_check_response_yields_indeterminate_not_transport	false
live-dps	prro	prro	transports::dps::dto::tests::rp4b_3_neg4_rro_info_response_yields_indeterminate	false
live-dps	prro	prro	transports::dps::dto::tests::rp4b_3_neg4_status_response_yields_indeterminate	false
live-dps	prro	prro	transports::dps::grpc::tests::pin3_observe_tonic_status_mirrors_r1_tls_gate	false
live-dps	prro	prro	transports::dps::grpc::tests::pin_b3_observe_tonic_status_returned_status_is_never_genuine_absence	false
live-dps	prro	prro	transports::dps::grpc::tests::pin_d_section_4_6_drift_pin	false
live-dps	prro	prro	transports::dps::grpc::tests::r1_tls_proven_channel_yields_remote_status_for_both_codes	false
live-dps	prro	prro	transports::dps::grpc::tests::r1_unproven_channel_cannot_forge_authenticated_peer	false
live-dps	prro	prro	transports::dps::grpc::tests::r3_remote_status_carries_reply_digest_not_fabricated	false
live-dps	prro	prro	transports::dps::grpc::tests::rp4b4_deadline_exceeded_yields_transport	false
live-dps	prro	prro	transports::dps::grpc::tests::rp4b4_permission_denied_yields_remote_status	false
live-dps	prro	prro	transports::dps::grpc::tests::rp4b4_remote_status_retry_class_equals_transport_retry_class	false
live-dps	prro	prro	transports::dps::grpc::tests::rp4b4_unauthenticated_yields_remote_status	false
live-dps	prro	prro	transports::dps::grpc::tests::rp4b4_unavailable_yields_transport	false
live-dps	prro	prro	transports::dps::raw_reply::tests::every_variant_round_trips_through_kind	false
live-dps	prro	prro	transports::dps::raw_reply::tests::m2_transport_absence_never_widens_to_crash_before_observation	false
live-dps	prro	prro	transports::dps::raw_reply::tests::observation_carries_evidence_and_diagnostics	false
live-dps	prro	prro	transports::dps::raw_reply::tests::observe_from_legacy_is_honestly_degraded	false
live-dps	prro	prro	transports::dps::raw_reply::tests::pr4_b2_map_send_reply_forwards_exact_digest_per_arm	false
live-dps	prro	prro	transports::dps::raw_reply::tests::pr4_map_send_reply_covers_section_4_3	false
live-dps	prro	prro	transports::dps::t112::tests::byte_pin_full_equality	false
live-dps	prro	prro	transports::dps::t112::tests::byte_pin_length_206	false
live-dps	prro	prro	transports::dps::t112::tests::byte_pin_sha256	false
live-dps	prro	prro	transports::dps::t112::tests::genesis_empty_mac_emits_empty_mac_element	false
live-dps	prro	prro	transports::dps::t112::tests::kyiv_comp_date_day_boundary_offset_flips_calendar_day	false
live-dps	prro	prro	transports::dps::t112::tests::kyiv_comp_date_is_not_epoch	false
live-dps	prro	prro	transports::dps::t112::tests::kyiv_comp_date_nonzero_minute_seconds_summer	false
live-dps	prro	prro	transports::dps::t112::tests::kyiv_comp_date_nonzero_minute_seconds_winter	false
live-dps	prro	prro	transports::dps::t112::tests::kyiv_comp_date_now_is_live_14digit_not_zero	false
live-dps	prro	prro	transports::dps::t112::tests::kyiv_comp_date_summer_eest_plus3	false
live-dps	prro	prro	transports::dps::t112::tests::kyiv_comp_date_winter_eet_plus2	false
live-dps	prro	prro	transports::dps::t112::tests::lockstep_comp_date_matches_ts_in_xml	false
live-dps	prro	prro	transports::dps::t112::tests::size_1_accepted	false
live-dps	prro	prro	transports::dps::t112::tests::size_2000_accepted_at_cap	false
live-dps	prro	prro	transports::dps::t112::tests::size_2001_clamped_to_2000	false
live-dps	prro	prro	transports::dps::t112::tests::size_zero_returns_error	false
live-dps	prro	prro	xml::cp1251::tests::ascii_passthrough	false
live-dps	prro	prro	xml::cp1251::tests::cjk_unmappable	false
live-dps	prro	prro	xml::cp1251::tests::cyrillic_lowercase_maps_to_known_bytes	false
live-dps	prro	prro	xml::cp1251::tests::cyrillic_uppercase_maps_to_known_bytes	false
live-dps	prro	prro	xml::cp1251::tests::deleted_table_arms_round_trip_to_exact_bytes	false
live-dps	prro	prro	xml::cp1251::tests::emoji_unmappable	false
live-dps	prro	prro	xml::cp1251::tests::empty_string_encodes_empty	false
live-dps	prro	prro	xml::cp1251::tests::euro_sign_maps_to_88	false
live-dps	prro	prro	xml::cp1251::tests::nbsp_maps_to_a0	false
live-dps	prro	prro	xml::cp1251::tests::numero_sign_maps_to_b9	false
live-dps	prro	prro	xml::cp1251::tests::pro_kasa_round_trip	false
live-dps	prro	prro	xml::cp1251::tests::smart_quotes_and_em_dash_map_to_cp1251	false
live-dps	prro	prro	xml::cp1251::tests::ukrainian_letters_map_to_cp1251_table	false
live-dps	prro	prro	xml::cp1251::tests::yo_letters_map	false
live-dps	prro	prro	xml::tests::attribute_values_escape_amp_quote_lt_gt_but_not_apostrophe	false
live-dps	prro	prro	xml::tests::attributes_emitted_alphabetically_by_name	false
live-dps	prro	prro	xml::tests::build_is_deterministic_for_same_input	false
live-dps	prro	prro	xml::tests::check_items_emit_in_input_order_with_alphabetised_attrs	false
live-dps	prro	prro	xml::tests::dat_attrs_alphabetical_di_fn_tn_v_zn	false
live-dps	prro	prro	xml::tests::default_device_name_encodes_to_known_cp1251_bytes	false
live-dps	prro	prro	xml::tests::offline_sell_emits_mac_id_attribute	false
live-dps	prro	prro	xml::tests::offline_session_begin_uses_c_t_109_empty_service_receipt	false
live-dps	prro	prro	xml::tests::offline_session_boundary_carries_mac_id_when_offline	false
live-dps	prro	prro	xml::tests::offline_session_end_uses_c_t_110_empty_service_receipt	false
live-dps	prro	prro	xml::tests::offline_shift_open_emits_mac_id_attribute	false
live-dps	prro	prro	xml::tests::offline_z_report_emits_mac_id_attribute	false
live-dps	prro	prro	xml::tests::online_mac_stays_bare_regression_pin	false
live-dps	prro	prro	xml::tests::return_uses_c_t_1_with_same_body_shape_as_sell	false
live-dps	prro	prro	xml::tests::rq_attrs_alphabetical_ndv_prv_v	false
live-dps	prro	prro	xml::tests::sell_uses_c_t_0_with_p_m_e_body_in_python_shape	false
live-dps	prro	prro	xml::tests::shift_open_uses_c_t_108_and_di_zero	false
live-dps	prro	prro	xml::tests::text_content_is_not_escaped_in_ts_or_mac	false
live-dps	prro	prro	xml::tests::ukrainian_name_encodes_via_cp1251	false
live-dps	prro	prro	xml::tests::unmappable_char_in_device_name_returns_typed_error	false
live-dps	prro	prro	xml::tests::z_report_payments_emit_in_sorted_name_order	false
live-dps	prro	prro	xml::tests::z_report_uses_z_no_with_m_and_nc_body_and_doubles_as_close_shift	false
live-dps	prro	prro::a3_final_binding_flip	binding_dps_reject_terminalises_inbox	false
live-dps	prro	prro::a3_final_binding_flip	binding_node_blocked_terminalises_inbox	false
live-dps	prro	prro::a3_final_binding_flip	binding_online_sell_reaches_ack_then_replay_is_idempotent	false
live-dps	prro	prro::a3_final_binding_flip	binding_shift_not_open_terminalises_inbox	false
live-dps	prro	prro::a3_final_binding_flip	binding_sign_failure_terminalises_inbox	false
live-dps	prro	prro::a3_final_binding_flip	production_write_path_binds_inline_not_notimplemented	false
live-dps	prro	prro::add_operator_cli_password_input	empty_input_non_tty_returns_empty_password_error	false
live-dps	prro	prro::add_operator_cli_password_input	empty_input_tty_returns_empty_password_error	false
live-dps	prro	prro::add_operator_cli_password_input	io_error_on_first_prompt_returns_password_read_io_error	false
live-dps	prro	prro::add_operator_cli_password_input	non_tty_single_line_returns_bytes	false
live-dps	prro	prro::add_operator_cli_password_input	tty_mismatched_passwords_returns_mismatch_error	false
live-dps	prro	prro::add_operator_cli_password_input	tty_two_matching_passwords_returns_bytes	false
live-dps	prro	prro::admin_add_operator	duplicate_active_cashier_for_same_fn_rejected	false
live-dps	prro	prro::admin_add_operator	empty_password_rejected	false
live-dps	prro	prro::admin_add_operator	empty_required_string_args_rejected	false
live-dps	prro	prro::admin_add_operator	fn_missing_in_config_rejected_pre_insert	false
live-dps	prro	prro::admin_add_operator	happy_path_inserts_row_with_encoded_password_and_audit	false
live-dps	prro	prro::admin_w4_z0_commands	add_driver_mapping_happy_path	false
live-dps	prro	prro::admin_w4_z0_commands	add_driver_mapping_normalizes_whitespace_in_driver_id	false
live-dps	prro	prro::admin_w4_z0_commands	add_payment_method_happy_path	false
live-dps	prro	prro::admin_w4_z0_commands	add_payment_method_rejects_duplicate_name	false
live-dps	prro	prro::admin_w4_z0_commands	add_payment_method_rejects_pay_index_out_of_range	false
live-dps	prro	prro::admin_w4_z0_commands	add_payment_method_rejects_pay_index_zero	false
live-dps	prro	prro::admin_w4_z0_commands	add_tax_group_happy_path	false
live-dps	prro	prro::admin_w4_z0_commands	add_tax_group_rejects_unknown_fn	false
live-dps	prro	prro::admin_w4_z0_commands	all_mutation_events_are_info_severity	false
live-dps	prro	prro::admin_w4_z0_commands	audit_failure_does_not_block_mutation	false
live-dps	prro	prro::admin_w4_z0_commands	bootstrap_defaults_is_idempotent_when_already_seeded	false
live-dps	prro	prro::admin_w4_z0_commands	bootstrap_defaults_recovery_command_seeds_missing	false
live-dps	prro	prro::admin_w4_z0_commands	driver_mapping_admin_rejects_whitespace_only_driver_id	false
live-dps	prro	prro::admin_w4_z0_commands	free_slot_remove_allowed_on_rs2_fn	false
live-dps	prro	prro::admin_w4_z0_commands	list_flags_returns_all_set_flags	false
live-dps	prro	prro::admin_w4_z0_commands	protected_slot_add_wrong_kind_blocked_but_correct_allowed_on_rs2_fn	false
live-dps	prro	prro::admin_w4_z0_commands	protected_slot_iscash_flip_blocked_on_rs2_fn	false
live-dps	prro	prro::admin_w4_z0_commands	protected_slot_name_only_update_allowed_on_rs2_fn	false
live-dps	prro	prro::admin_w4_z0_commands	protected_slot_remove_blocked_on_rs2_fn	false
live-dps	prro	prro::admin_w4_z0_commands	remove_driver_mapping_soft_deletes	false
live-dps	prro	prro::admin_w4_z0_commands	remove_payment_method_soft_deletes	false
live-dps	prro	prro::admin_w4_z0_commands	remove_tax_group_soft_deletes	false
live-dps	prro	prro::admin_w4_z0_commands	set_flag_happy_path	false
live-dps	prro	prro::admin_w4_z0_commands	set_national_receipt_alias_flips_useecheckmegovua	false
live-dps	prro	prro::admin_w4_z0_commands	set_outgress_profile_accepts_evpz_dps_even_in_pilot	false
live-dps	prro	prro::admin_w4_z0_commands	set_outgress_profile_happy_path_fsco	false
live-dps	prro	prro::admin_w4_z0_commands	set_outgress_profile_rejects_unknown_profile_string	false
live-dps	prro	prro::admin_w4_z0_commands	show_outgress_profile_missing_returns_not_found	false
live-dps	prro	prro::admin_w4_z0_commands	update_driver_mapping_changes_canonical_tx_num	false
live-dps	prro	prro::admin_w4_z0_commands	update_driver_mapping_on_missing_returns_not_found	false
live-dps	prro	prro::admin_w4_z0_commands	update_payment_method_changes_iscash	false
live-dps	prro	prro::admin_w4_z0_commands	update_tax_rate_partial_field	false
live-dps	prro	prro::adr_m3_a10_exists	adr_m3_a10_declares_status_accepted	false
live-dps	prro	prro::adr_m3_a10_exists	adr_m3_a10_file_is_present_and_non_empty	false
live-dps	prro	prro::adr_m3_a10_exists	adr_m3_a10_names_carry_forward_obligations	false
live-dps	prro	prro::api_surface_no_db_handle	bare_fn_pointer_with_forbidden_input_is_caught	false
live-dps	prro	prro::api_surface_no_db_handle	cfg_all_test_other_is_skipped	false
live-dps	prro	prro::api_surface_no_db_handle	cfg_any_test_other_is_not_skipped	false
live-dps	prro	prro::api_surface_no_db_handle	cfg_not_test_is_not_skipped_so_production_only_code_is_still_scanned	false
live-dps	prro	prro::api_surface_no_db_handle	cfg_test_attr_directly_on_fn_is_skipped	false
live-dps	prro	prro::api_surface_no_db_handle	cfg_test_module_is_skipped	false
live-dps	prro	prro::api_surface_no_db_handle	current_production_surface_has_no_db_handle_violations	false
live-dps	prro	prro::api_surface_no_db_handle	impl_trait_with_forbidden_assoc_type_is_caught	false
live-dps	prro	prro::api_surface_no_db_handle	negative_fixture_arc_wrapped_violation_is_caught	false
live-dps	prro	prro::api_surface_no_db_handle	negative_fixture_free_fn_violation_is_caught	false
live-dps	prro	prro::api_surface_no_db_handle	negative_fixture_pool_over_sqlite_with_qualified_path	false
live-dps	prro	prro::api_surface_no_db_handle	negative_fixture_pub_trait_method_definition_is_caught	false
live-dps	prro	prro::api_surface_no_db_handle	negative_fixture_trait_impl_method_violation_is_caught_without_pub_keyword	false
live-dps	prro	prro::api_surface_no_db_handle	negative_fixture_transaction_with_lifetime_caught	false
live-dps	prro	prro::api_surface_no_db_handle	private_free_fn_is_not_scanned	false
live-dps	prro	prro::api_surface_no_db_handle	scan_anchors_known_public_surface	false
live-dps	prro	prro::app_boot	boot_applies_migrations_and_returns_pool	false
live-dps	prro	prro::app_boot	boot_creates_parent_dir_for_db_path	false
live-dps	prro	prro::app_boot	boot_is_idempotent_across_two_calls	false
live-dps	prro	prro::app_boot	config_parses_full_toml_with_optional_keys_dir	false
live-dps	prro	prro::app_boot	config_rejects_missing_required_section	false
live-dps	prro	prro::app_boot_quick_check_failure	fresh_db_boots_through_migrations_with_post_quick_check	false
live-dps	prro	prro::app_boot_quick_check_failure	quick_check_fail_main_file_bytes_unchanged_no_domain_writes	false
live-dps	prro	prro::app_boot_quick_check_failure	quick_check_fail_returns_typed_error	false
live-dps	prro	prro::app_boot_quick_check_failure	quick_check_ok_proceeds_to_reconcile	false
live-dps	prro	prro::app_boot_reconciliation	app_reconcile_pending_fails_fast_on_first_offline_fn	false
live-dps	prro	prro::app_boot_reconciliation	app_reconcile_pending_iterates_all_configured_fns	false
live-dps	prro	prro::app_boot_reconciliation	app_reconcile_pending_returns_summary_with_per_branch_counts	false
live-dps	prro	prro::app_boot_reconciliation	aud_l6_1_boot_projects_seed_from_offline_origin_tip_not_last_ack	false
live-dps	prro	prro::app_boot_reconciliation	boot_in_offline_mode_reaches_per_doc_dispatch_not_branch_d_refusal	false
live-dps	prro	prro::app_boot_reconciliation	boot_signed_dispatch_shift_missing_increments_structural_bug_bucket	false
live-dps	prro	prro::app_boot_reconciliation	boot_signed_dispatch_signer_mismatch_increments_mismatch_bucket	false
live-dps	prro	prro::app_boot_reconciliation	boot_with_deps_routes_offline_signed_doc_to_offline_local_ack	false
live-dps	prro	prro::app_boot_reconciliation	branch_a_bootstraps_missing_fn_row	false
live-dps	prro	prro::app_boot_reconciliation	branch_b_idempotent_no_op_preserves_row	false
live-dps	prro	prro::app_boot_reconciliation	branch_c_ctx_needy_states_emit_deferred_audit	false
live-dps	prro	prro::app_boot_reconciliation	branch_c_dispatches_encrypted_to_error_retryable	false
live-dps	prro	prro::app_boot_reconciliation	branch_c_dispatches_kvt1_to_passive_hold	false
live-dps	prro	prro::app_boot_reconciliation	branch_c_dispatches_sending_to_resume_helper	false
live-dps	prro	prro::app_boot_reconciliation	branch_d_no_longer_refuses_offline_or_going_offline	false
live-dps	prro	prro::app_boot_reconciliation	branch_d_refuses_boot_on_going_online_mode	false
live-dps	prro	prro::app_boot_reconciliation	branch_e2_idempotent_second_boot_dispatches_to_b	false
live-dps	prro	prro::app_boot_reconciliation	branch_e2_orphan_shift_resolves_to_error_and_resets_shift_state	false
live-dps	prro	prro::app_boot_reconciliation	branch_e2_resolves_the_single_active_orphan	false
live-dps	prro	prro::app_boot_reconciliation	branch_f_preserves_blocked_mode	false
live-dps	prro	prro::app_boot_reconciliation	branch_f_preserves_crypto_degraded	false
live-dps	prro	prro::app_boot_reconciliation	branch_f_preserves_stop_mode	false
live-dps	prro	prro::app_boot_reconciliation	branch_partition_exhaustive_matrix	false
live-dps	prro	prro::app_boot_reconciliation	fixture_5_ah8_verbatim_preserves_opened_shift_state	false
live-dps	prro	prro::app_boot_reconciliation	fixture_5_strict_branch_e1_with_opening_shift_and_pending_doc	false
live-dps	prro	prro::app_boot_reconciliation	idempotency_two_consecutive_boots_on_ok_fn	false
live-dps	prro	prro::app_boot_reconciliation	rec3_app_boot_wires_orphan_trace_scanner	false
live-dps	prro	prro::app_boot_reconciliation	rec3_boot_orphan_trace_scanner_closes_old_allocated_rows	false
live-dps	prro	prro::app_boot_reconciliation	rec3_boot_orphan_trace_scanner_skips_rows_within_ttl_window	false
live-dps	prro	prro::app_boot_reconciliation	rec8_drain_reads_node_state_snapshot_per_tick_not_mid_tick	false
live-dps	prro	prro::app_drain_offline_backlog	app_drain_concurrent_invocations_smoke_no_deadlock	false
live-dps	prro	prro::app_drain_offline_backlog	app_drain_eligible_path_via_w12_sent_fresh_steady_state	false
live-dps	prro	prro::app_drain_offline_backlog	app_drain_skip_path_mode_not_going_online	false
live-dps	prro	prro::app_drain_offline_backlog	polish_tier_degradation_then_admin_reset_then_drain_succeeds_end_to_end	false
live-dps	prro	prro::app_drain_offline_backlog	rec2_scheduled_after_held_at_sent_hold_skips_within_backoff_window	false
live-dps	prro	prro::app_drain_offline_backlog	rec2_scheduled_after_hold_skips_within_backoff_window	false
live-dps	prro	prro::app_drain_offline_backlog	rec2_scheduled_empty_cohort_keeps_fn_immediately_eligible_for_next_tick	false
live-dps	prro	prro::app_drain_offline_backlog	rec2_scheduled_first_call_runs_drain_with_no_prior_backoff	false
live-dps	prro	prro::apply_outcome	ap01_online_accepted_stamps_sfn_advances_seed_and_releases	false
live-dps	prro	prro::apply_outcome	ap02_offline_accepted_stamps_sfn_but_no_seed	false
live-dps	prro	prro::apply_outcome	ap03_online_reject_offline168_blocks_node_and_releases	false
live-dps	prro	prro::apply_outcome	ap04_offline_reject_holds_and_mutates_nothing	false
live-dps	prro	prro::apply_outcome	ap05_submitted_unknown_holds	false
live-dps	prro	prro::apply_outcome	ap06_replay_is_idempotent	false
live-dps	prro	prro::apply_outcome	ap07_stale_generation_drops_without_mutation	false
live-dps	prro	prro::apply_outcome	ap08_online_mac_reseed_pending_holds	false
live-dps	prro	prro::apply_outcome	ap09_online_operator_escalation_holds	false
live-dps	prro	prro::apply_outcome	ap10_online_fn_config_error_targets_error_retryable_not_rejected	false
live-dps	prro	prro::apply_outcome	br01_crashed_call_started_resumes_to_pending_stop	false
live-dps	prro	prro::apply_outcome	br02_resume_is_idempotent	false
live-dps	prro	prro::apply_outcome	br03_resumed_reservation_holds_the_fn_fence	false
live-dps	prro	prro::apply_outcome	lr01_list_outcome_observed_pending_apply_returns_only_pending	false
live-dps	prro	prro::aprime1_piece2_send_confirm_edges	a_shift_open_sent_confirm_drives_opened	false
live-dps	prro	prro::aprime1_piece2_send_confirm_edges	b_z_report_sent_confirm_drives_closed_pointer_kept	false
live-dps	prro	prro::aprime1_piece2_send_confirm_edges	c_e2e_open_then_sell_admitted_and_sent	false
live-dps	prro	prro::aprime1_piece2_send_confirm_edges	d_sell_send_is_shift_neutral	false
live-dps	prro	prro::aprime1_piece2_send_confirm_edges	e_reject_does_not_fire_edge	false
live-dps	prro	prro::aprime1_piece2_send_confirm_edges	f_offline_origin_does_not_fire_edge	false
live-dps	prro	prro::aprime1_piece2_send_confirm_edges	g_non_applied_keeps_sent_and_audits_critical	false
live-dps	prro	prro::aprime1_piece2_send_confirm_edges	h_redrive_sent_doc_state_conflict_no_edge	false
live-dps	prro	prro::aprime1_piece3_acquire_shift_edges	a_fresh_shift_open_creates_shift_opening_and_binds_doc	false
live-dps	prro	prro::aprime1_piece3_acquire_shift_edges	b_redrive_same_request_id_no_second_create	false
live-dps	prro	prro::aprime1_piece3_acquire_shift_edges	c_second_shift_open_while_opened_is_already_open	false
live-dps	prro	prro::aprime1_piece3_acquire_shift_edges	d_z_report_at_opened_drives_closing	false
live-dps	prro	prro::aprime1_piece3_acquire_shift_edges	e_z_report_at_closed_is_shift_not_open	false
live-dps	prro	prro::aprime1_piece3_acquire_shift_edges	f_sell_at_opened_allowed_shift_neutral	false
live-dps	prro	prro::aprime1_piece3_acquire_shift_edges	f_sell_at_opening_is_refused_inv03	false
live-dps	prro	prro::aprime1_piece3_acquire_shift_edges	g_offline_shift_open_creates_opened_local_pending_drain_and_binds_doc	false
live-dps	prro	prro::aprime1_piece3_acquire_shift_edges	h_create_is_atomic_with_doc_insert_rollback	false
live-dps	prro	prro::aprime1_piece3_acquire_shift_edges	i_online_shift_open_missing_cashier_is_refused_premint	false
live-dps	prro	prro::aprime1_piece3_acquire_shift_edges	j_offline_shift_open_missing_cashier_is_refused_premint	false
live-dps	prro	prro::aprime1_piece3_acquire_shift_edges	k_offline_z_report_at_opened_drives_closing_local_pending_drain	false
live-dps	prro	prro::aprime1_piece3_acquire_shift_edges	l_offline_shift_close_at_opened_drives_closing_local_pending_drain	false
live-dps	prro	prro::aprime1_piece3_acquire_shift_edges	m_offline_z_report_at_opened_local_pending_drain_drives_closing_local_pending_drain	false
live-dps	prro	prro::aprime1_piece3_acquire_shift_edges	n_offline_shift_close_at_opened_local_pending_drain_drives_closing_local_pending_drain	false
live-dps	prro	prro::aprime1_piece3_acquire_shift_edges	o_offline_shift_open_without_open_session_refused_premint	false
live-dps	prro	prro::aprime1_piece3_acquire_shift_edges	p_offline_shift_open_with_empty_code_pool_refused_premint	false
live-dps	prro	prro::aprime1_piece3_acquire_shift_edges	q_offline_z_report_with_empty_code_pool_refused_premint_shift_stays_opened	false
live-dps	prro	prro::attached_cms_profile	gateway_attached_cms_carries_econtent_signingtime_and_messagedigest	false
live-dps	prro	prro::attached_cms_profile	signing_time_date_boundaries_and_2050_cliff	false
live-dps	prro	prro::attached_cms_profile	signing_time_jan_feb_encode_correct_month_without_overflow	false
live-dps	prro	prro::authorize_submission	az01_authorize_writes_marker_generation_and_pointer	false
live-dps	prro	prro::authorize_submission	az02_second_authorize_same_document_refused_by_query_guard	false
live-dps	prro	prro::authorize_submission	az03_second_document_on_active_fn_refused	false
live-dps	prro	prro::authorize_submission	az04_no_orphan_rn_after_started_history_but_next_doc_ok	false
live-dps	prro	prro::authorize_submission	az05_generation_advances_monotonically	false
live-dps	prro	prro::authorize_submission	az06_missing_node_state_refused_and_rolls_back	false
live-dps	prro	prro::authorize_submission	az07_authorization_carries_full_five_component_binding	false
live-dps	prro	prro::b10_offline_session_handshake	b10_begin_stamped_with_session_opened_at	false
live-dps	prro	prro::b10_offline_session_handshake	b10_crashed_prepared_begin_fails_closed_fresh_sell	false
live-dps	prro	prro::b10_offline_session_handshake	b10_drain_sends_begin_first_content_then_end_last	false
live-dps	prro	prro::b10_offline_session_handshake	b10_end_is_online_issuance_with_sfn_empty_id_offline	false
live-dps	prro	prro::b10_offline_session_handshake	b10_end_signed_online_shaped_bare_mac_under_going_online	false
live-dps	prro	prro::b10_offline_session_handshake	b10_lazy_begin_minted_once_across_multiple_offline_docs	false
live-dps	prro	prro::b10_offline_session_handshake	b10_no_begin_for_session_with_zero_offline_business_docs	false
live-dps	prro	prro::b10_offline_session_handshake	b10_offline_boundary_begin_consumes_one_code_end_consumes_none	false
live-dps	prro	prro::b10_offline_session_handshake	b10_offline_shift_open_first_doc_still_mints_begin_lowest_lnd	false
live-dps	prro	prro::b10_offline_session_handshake	b10_offline_z_does_not_sign_past_a_crash_stuck_begin	false
live-dps	prro	prro::b10_offline_session_handshake	b10_redrain_after_convergence_does_not_double_mint_or_double_consume	false
live-dps	prro	prro::b10_offline_session_handshake	b2_drain_session_end_send_fails_escalates_manual_not_spin	false
live-dps	prro	prro::b8_acquire_real_first	mixed_pool_acquire_returns_real_row_not_drill	false
live-dps	prro	prro::b8_acquire_real_first	only_drill_pool_returns_code_pool_exhausted	false
live-dps	prro	prro::b8_render_id_offline	offline_drain_null_dps_code_refuses_fail_closed	false
live-dps	prro	prro::b8_render_id_offline	send_inputs_surfaces_offline_dps_code	false
live-dps	prro	prro::b8_stamp_offline_dps_code	offline_dps_code_stamped_at_offline_local_ack	false
live-dps	prro	prro::b8_stamp_offline_dps_code	unstamped_signed_offline_doc_aborts_at_offline_ack	false
live-dps	prro	prro::b9_stamp_at_sign	exhausted_at_sign_signed_doc_aborts_at_offline_ack	false
live-dps	prro	prro::b9_stamp_at_sign	offline_re_sign_reuses_stamped_code_no_double_consume	false
live-dps	prro	prro::b9_stamp_at_sign	offline_sign_pool_exhausted_signs_online_shaped_and_defers_to_offline_ack	false
live-dps	prro	prro::b9_stamp_at_sign	offline_sign_stamps_code_and_emits_mac_id_in_signed_bytes	false
live-dps	prro	prro::b9_stamp_at_sign	online_sign_stays_bare_mac_and_never_touches_offline_columns	false
live-dps	prro	prro::b9_stamp_at_sign	unstamped_signed_offline_doc_aborts_at_offline_ack_even_with_session_and_codes	false
live-dps	prro	prro::backlog_drain_finalize	c6_eligible_completed_when_all_docs_reach_ack_via_w12	false
live-dps	prro	prro::backlog_drain_finalize	c6_halt_escalate_path_does_not_fire_partial	false
live-dps	prro	prro::backlog_drain_finalize	c6_partial_when_per_doc_failures_present	false
live-dps	prro	prro::backlog_drain_finalize	c6_skip_paths_do_not_fire_partial	false
live-dps	prro	prro::backlog_drain_finalize	w12_crash_recovery_finalizes_session_when_all_docs_already_ack	false
live-dps	prro	prro::backlog_drain_finalize	w12_crash_recovery_skips_when_session_draining_with_zero_docs	false
live-dps	prro	prro::backlog_drain_finalize	w12_crash_recovery_skips_when_session_has_non_ack_terminal_docs	false
live-dps	prro	prro::backlog_drain_finalize	w12_crash_recovery_skips_when_session_open_with_zero_docs	false
live-dps	prro	prro::backlog_drain_per_doc_loop	c4_happy_path_two_docs_advance_to_ack_via_w12	false
live-dps	prro	prro::backlog_drain_per_doc_loop	c4_offline_minus_8_is_terminal_and_escalates_manual	false
live-dps	prro	prro::backlog_drain_per_doc_loop	c4_pending_drain_shift_reject_halts_and_transitions_shift_to_manual	false
live-dps	prro	prro::backlog_drain_per_doc_loop	c4_pending_drain_shift_transient_retry_halts_chain_this_tick_no_manual	false
live-dps	prro	prro::backlog_drain_per_doc_loop	c4_processes_backlog_in_lnd_asc_order	false
live-dps	prro	prro::backlog_drain_per_doc_loop	c4_signer_refused_records_signer_refused_class_and_escalates_manual	false
live-dps	prro	prro::backlog_drain_per_doc_loop	h_m2_1_rejected_predecessor_never_wires_successor_bad_hash_prev_moot	false
live-dps	prro	prro::backlog_drain_per_doc_loop	strict_sequential_terminal_reject_halts_chain_and_escalates_manual	false
live-dps	prro	prro::backlog_drain_per_doc_loop	strict_sequential_transient_halts_this_tick_then_retries_next_tick	false
live-dps	prro	prro::backlog_drain_per_doc_loop	w12_sent_fresh_dps_transport_holds_drain_and_projects_held_at_sent	false
live-dps	prro	prro::backlog_drain_per_doc_loop	w12_sent_fresh_mismatch_emits_drift_audit_and_halts_via_boot_error	false
live-dps	prro	prro::backlog_drain_per_doc_loop	w12_sent_fresh_not_found_emits_drift_audit_and_halts_via_boot_error	false
live-dps	prro	prro::backlog_drain_prerequisites	c3_drain_skips_when_only_closed_session_exists	false
live-dps	prro	prro::backlog_drain_prerequisites	c3_idempotent_when_session_already_draining	false
live-dps	prro	prro::backlog_drain_prerequisites	c3_skips_when_backlog_empty	false
live-dps	prro	prro::backlog_drain_prerequisites	c3_skips_when_mode_not_going_online	false
live-dps	prro	prro::backlog_drain_prerequisites	c3_transitions_session_open_to_draining_and_emits_started	false
live-dps	prro	prro::backlog_drain_state_dispatch	a2_1a_advance_to_ack_audit_server_fiscal_no_is_handin_not_persisted	false
live-dps	prro	prro::backlog_drain_state_dispatch	a2_1a_advance_to_ack_cas_miss_yields_database_error	false
live-dps	prro	prro::backlog_drain_state_dispatch	a2_1a_advance_to_ack_empty_bytes_yields_structural_drift	false
live-dps	prro	prro::backlog_drain_state_dispatch	a2_1a_advance_to_ack_finalize_error_yields_infrastructure	false
live-dps	prro	prro::backlog_drain_state_dispatch	a2_1a_advance_to_ack_kvt1_entry_drives_2cas_to_ack	false
live-dps	prro	prro::backlog_drain_state_dispatch	c5_empty_skip_when_only_terminal_state_docs_exist	false
live-dps	prro	prro::backlog_drain_state_dispatch	c5_error_retryable_doc_re_driven_via_stage_send_to_ack_via_w12	false
live-dps	prro	prro::backlog_drain_state_dispatch	c5_kvt1_doc_w12_reentry_advances_to_ack	false
live-dps	prro	prro::backlog_drain_state_dispatch	c5_walker_scope_excludes_online_cross_session_docs	false
live-dps	prro	prro::backlog_drain_state_dispatch	c5b2_sent_replay_foreign_tip_is_structural_drift_not_superseded	false
live-dps	prro	prro::backlog_drain_state_dispatch	c5b2_sent_replay_lastchk_match_advances_to_ack_with_replay_flag	false
live-dps	prro	prro::backlog_drain_state_dispatch	c5b2_sent_replay_lastchk_match_empty_data_sign_holds_drain	false
live-dps	prro	prro::backlog_drain_state_dispatch	c5b2_sent_replay_lastchk_match_persists_kvt1_raw_byte_for_byte	false
live-dps	prro	prro::backlog_drain_state_dispatch	c5b2_sent_replay_lastchk_mismatch_halts_drain_with_structural_drift_audit	false
live-dps	prro	prro::backlog_drain_state_dispatch	c5b2_sent_replay_lastchk_not_found_escalates_manual_with_stop	false
live-dps	prro	prro::backlog_drain_state_dispatch	c612_consecutive_holds_increment_on_hold_reset_on_advance	false
live-dps	prro	prro::backlog_drain_state_dispatch	c612_tier_1_prolonged_hold_audit_fires_at_10_consecutive_holds	false
live-dps	prro	prro::backlog_drain_state_dispatch	c612_tier_2_stop_mode_escalation_fires_at_50_consecutive_holds	false
live-dps	prro	prro::backlog_drain_state_dispatch	c62_granular_failure_class_auth	false
live-dps	prro	prro::backlog_drain_state_dispatch	c62_granular_failure_class_data_sign_empty	false
live-dps	prro	prro::backlog_drain_state_dispatch	c62_granular_failure_class_decode	false
live-dps	prro	prro::backlog_drain_state_dispatch	c62_granular_failure_class_server	false
live-dps	prro	prro::backlog_drain_state_dispatch	c6_kvt1_reentry_match_empty_data_sign_holds_drain	false
live-dps	prro	prro::backlog_drain_state_dispatch	c6_sent_fresh_hold_emits_hold_audit_and_projects_held_at_sent	false
live-dps	prro	prro::backlog_drain_state_dispatch	c6_sent_fresh_match_empty_data_sign_holds_drain	false
live-dps	prro	prro::backlog_drain_state_dispatch	er_guard_budget_exhausted_no_wire_escalates_to_manual	false
live-dps	prro	prro::backlog_drain_state_dispatch	er_guard_fn_config_error_no_wire_escalates_to_manual	false
live-dps	prro	prro::backlog_drain_state_dispatch	er_guard_indeterminate_no_trace_no_wire_holds_in_er_sibling_continue	false
live-dps	prro	prro::backlog_drain_state_dispatch	er_guard_legacy_chain_settle_retry_no_wire_escalates_to_manual	false
live-dps	prro	prro::backlog_drain_state_dispatch	er_guard_mac_recovery_no_wire_escalates_to_manual	false
live-dps	prro	prro::backlog_drain_state_dispatch	er_guard_operator_escalation_no_wire_escalates_to_manual	false
live-dps	prro	prro::backlog_drain_state_dispatch	er_guard_pending_drain_manual_class_halts_and_escalates_shift	false
live-dps	prro	prro::backlog_drain_state_dispatch	er_guard_probe_required_no_wire_holds_in_er_sibling_continue	false
live-dps	prro	prro::backlog_drain_state_dispatch	er_guard_shift_doc_transient_retry_must_not_prematurely_manual	true
live-dps	prro	prro::backlog_drain_state_dispatch	er_guard_terminal_reject_no_wire_escalates_critical_inconsistent	false
live-dps	prro	prro::backlog_drain_state_dispatch	er_guard_wrapper_bug_no_wire_escalates_to_manual	false
live-dps	prro	prro::backlog_drain_state_dispatch	seam_b3_superseded_predecessor_halts_chain_and_escalates_manual	false
live-dps	prro	prro::backlog_drain_state_dispatch	w12_kvt1_reentry_doc_without_server_fiscal_no_emits_drift_audit_and_halts	false
live-dps	prro	prro::backlog_drain_state_dispatch	w12_kvt1_reentry_dps_transport_holds_drain_and_projects_held_at_kvt1	false
live-dps	prro	prro::backlog_drain_state_dispatch	w12_kvt1_reentry_mismatch_emits_drift_audit_and_halts_via_boot_error	false
live-dps	prro	prro::backlog_drain_state_dispatch	w12_kvt1_reentry_not_found_emits_drift_audit_and_halts_via_boot_error	false
live-dps	prro	prro::backlog_drain_state_dispatch	w12_kvt2_chain_seed_mismatch_escalates_manual_recon_not_hard_abort	false
live-dps	prro	prro::backlog_drain_state_dispatch	w12_kvt2_cohort_entry_dispatches_to_stage_finalize_and_reaches_ack	false
live-dps	prro	prro::backlog_drain_state_dispatch	w12_kvt2_stage_finalize_typed_error_routes_to_boot_error_reconciliation_failed	false
live-dps	prro	prro::backlog_drain_types	acked_increments_only_advanced_to_ack_never_kvt1	false
live-dps	prro	prro::backlog_drain_types	deferred_kvt1_increments_only_advanced_to_kvt1_never_ack	false
live-dps	prro	prro::backlog_drain_types	empty_backlog_finalize_eligibility_is_eligible	false
live-dps	prro	prro::backlog_drain_types	failure_class_stable_strings_table_covers_all_12_variants	false
live-dps	prro	prro::backlog_drain_types	finalize_eligibility_blocked_by_ack_count_mismatch	false
live-dps	prro	prro::backlog_drain_types	finalize_eligibility_blocked_by_any_deferred_kvt1	false
live-dps	prro	prro::backlog_drain_types	finalize_eligibility_blocked_by_per_doc_failure_even_if_others_acked	false
live-dps	prro	prro::backlog_drain_types	finalize_eligibility_eligible_when_all_acked_no_failures	false
live-dps	prro	prro::backlog_drain_types	finalize_eligibility_pre_w12_all_deferred_is_not_eligible	false
live-dps	prro	prro::backlog_drain_types	fresh_summary_baseline_state	false
live-dps	prro	prro::backlog_drain_types	lastchk_replay_count_increments_for_acked_too	false
live-dps	prro	prro::backlog_drain_types	lastchk_replay_flag_counted_independently_of_w12_outcome	false
live-dps	prro	prro::backlog_drain_types	mark_finalized_errors_pre_w12_steady_state	false
live-dps	prro	prro::backlog_drain_types	mark_finalized_errors_with_typed_reason_when_any_deferred	false
live-dps	prro	prro::backlog_drain_types	mark_finalized_succeeds_only_with_all_acked_no_failures	false
live-dps	prro	prro::backlog_drain_types	mixed_acked_and_deferred_routed_to_correct_buckets	false
live-dps	prro	prro::backlog_drain_types	per_doc_failures_preserved_with_class_attribution	false
live-dps	prro	prro::backlog_drain_types	w12_confirm_outcome_acked_str_helpers	false
live-dps	prro	prro::backlog_drain_types	w12_confirm_outcome_deferred_kvt1_str_helpers	false
live-dps	prro	prro::backup_restore	backup_pass_swallows_failure_and_continues	false
live-dps	prro	prro::backup_restore	boot_branch_a_fresh_fn_empty_ledger_bootstraps_unchanged	false
live-dps	prro	prro::backup_restore	boot_branch_a_ledger_survived_no_open_shift_surfaces_null	false
live-dps	prro	prro::backup_restore	boot_branch_a_ledger_survived_node_state_lost_blocks_and_reconstructs	false
live-dps	prro	prro::backup_restore	prune_caps_count_and_expires_age_and_skips_foreign	false
live-dps	prro	prro::backup_restore	restore_and_continue_e2e	false
live-dps	prro	prro::backup_restore	snapshot_creates_verified_owner_only_copy	false
live-dps	prro	prro::backup_restore	snapshot_under_concurrent_writes_is_consistent	false
live-dps	prro	prro::backup_restore	tip_guard_ack_tail_notfound_still_blocks	false
live-dps	prro	prro::backup_restore	tip_guard_dps_unavailable_does_not_block	false
live-dps	prro	prro::backup_restore	tip_guard_fresh_fn_skips_with_zero_wire	false
live-dps	prro	prro::backup_restore	tip_guard_happy_tip_match_leaves_node_untouched	false
live-dps	prro	prro::backup_restore	tip_guard_inflight_sent_notfound_defers_to_drain	false
live-dps	prro	prro::backup_restore	tip_guard_inflight_tip_is_consistent_not_stale	false
live-dps	prro	prro::backup_restore	tip_guard_kill_switch_disables_all_wire_and_audit	false
live-dps	prro	prro::backup_restore	tip_guard_kvt1_tail_notfound_still_blocks	false
live-dps	prro	prro::backup_restore	tip_guard_malformed_tail_null_sfn_blocks	false
live-dps	prro	prro::backup_restore	tip_guard_skips_degraded_mode_node	false
live-dps	prro	prro::backup_restore	tip_guard_stale_restore_blocks_node_e2e	false
live-dps	prro	prro::backup_restore	verify_rejects_corrupt_snapshot	false
live-dps	prro	prro::bindings_registry_build	configured_fn_without_operator_row_emits_not_registered_audit	false
live-dps	prro	prro::bindings_registry_build	happy_single_operator_lands_in_registry	false
live-dps	prro	prro::bindings_registry_build	orphan_operator_fn_skipped_and_audited	false
live-dps	prro	prro::bindings_registry_build	two_operators_share_single_arc_dps_channel	false
live-dps	prro	prro::boot_phase_raw_cas_edges_are_whitelisted	boot_phase_cas_call_sites_are_whitelisted	false
live-dps	prro	prro::boot_phase_raw_cas_edges_are_whitelisted	no_raw_update_fiscal_documents_set_state	false
live-dps	prro	prro::boot_phase_raw_cas_edges_are_whitelisted	scanner_extracts_direct_transition_state_call_site	false
live-dps	prro	prro::boot_phase_raw_cas_edges_are_whitelisted	scanner_extracts_helper_call_site	false
live-dps	prro	prro::boot_phase_raw_cas_edges_are_whitelisted	scanner_safe_on_multibyte_chars_within_lookahead_window	false
live-dps	prro	prro::boot_phase_w9_helpers	advance_sent_to_kvt1_applies_full_envelope	false
live-dps	prro	prro::boot_phase_w9_helpers	advance_sent_to_kvt1_errors_when_trace_row_missing	false
live-dps	prro	prro::boot_phase_w9_helpers	advance_sent_to_kvt1_idempotent_on_repeat_call	false
live-dps	prro	prro::boot_phase_w9_helpers	advance_sent_to_kvt1_returns_false_when_doc_not_in_sent	false
live-dps	prro	prro::boot_phase_w9_helpers	migration_014_backfill_populates_first_kvt1_at_for_pre_w3_kvt1_rows	false
live-dps	prro	prro::boot_phase_w9_helpers	passive_hold_kvt1_emits_audit_only	false
live-dps	prro	prro::boot_phase_w9_helpers	passive_hold_kvt1_emits_info_severity_for_fresh_hold	false
live-dps	prro	prro::boot_phase_w9_helpers	passive_hold_kvt1_escalates_to_error_after_twenty_four_hours	false
live-dps	prro	prro::boot_phase_w9_helpers	passive_hold_kvt1_escalates_to_warning_after_one_hour	false
live-dps	prro	prro::boot_phase_w9_helpers	passive_hold_kvt1_idempotent_each_call_emits_one_audit	false
live-dps	prro	prro::boot_phase_w9_helpers	passive_hold_kvt1_unparseable_first_kvt1_at_falls_back_to_info_age_zero	false
live-dps	prro	prro::boot_phase_w9_helpers	resume_sending_applies_when_doc_is_sending	false
live-dps	prro	prro::boot_phase_w9_helpers	resume_sending_idempotent_second_call_is_noop	false
live-dps	prro	prro::boot_phase_w9_helpers	resume_sending_noop_when_doc_not_in_sending	false
live-dps	prro	prro::boot_phase_w9_helpers	run_boot_reconciliation_stub_returns_ok	false
live-dps	prro	prro::boot_phase_w9_helpers	transition_state_coalesce_preserves_first_kvt1_at_on_kvt1_re_entry	false
live-dps	prro	prro::boot_phase_w9_helpers	transition_state_stamps_first_kvt1_at_on_sent_to_kvt1	false
live-dps	prro	prro::bootstrap_fn_defaults	add_operator_invokes_bootstrap_on_first_fn_registration	false
live-dps	prro	prro::bootstrap_fn_defaults	bootstrap_different_fns_independent	false
live-dps	prro	prro::bootstrap_fn_defaults	bootstrap_does_not_overwrite_existing_profile	false
live-dps	prro	prro::bootstrap_fn_defaults	bootstrap_does_not_overwrite_operator_customised_tax_rate	false
live-dps	prro	prro::bootstrap_fn_defaults	bootstrap_empty_fn_seeds_11_tax_groups	false
live-dps	prro	prro::bootstrap_fn_defaults	bootstrap_empty_fn_seeds_4_payment_methods	false
live-dps	prro	prro::bootstrap_fn_defaults	bootstrap_empty_fn_sets_profile_to_fsco_zzd	false
live-dps	prro	prro::bootstrap_fn_defaults	bootstrap_empty_fn_sets_useecheckmegovua_flag_off	false
live-dps	prro	prro::bootstrap_fn_defaults	bootstrap_is_idempotent	false
live-dps	prro	prro::bootstrap_fn_defaults	bootstrap_partial_failure_surfaces_row_details	false
live-dps	prro	prro::bootstrap_fn_defaults	bootstrap_reactivates_soft_deleted_default	false
live-dps	prro	prro::bootstrap_fn_defaults	bootstrap_reactivation_does_not_overwrite_active_customised_rate	false
live-dps	prro	prro::canonical_builder	builds_sell_from_non_identity_row	false
live-dps	prro	prro::canonical_builder	builds_sell_with_no_cashier	false
live-dps	prro	prro::canonical_builder	builds_sell_with_zero_total	false
live-dps	prro	prro::canonical_builder	maps_each_non_z_operation_to_its_doc_type	false
live-dps	prro	prro::canonical_builder	reject_codes_are_stable	false
live-dps	prro	prro::canonical_builder	rejects_blank_business_ts	false
live-dps	prro	prro::canonical_builder	rejects_malformed_cashier_id	false
live-dps	prro	prro::canonical_builder	rejects_malformed_driver_id	false
live-dps	prro	prro::canonical_builder	rejects_missing_business_ts	false
live-dps	prro	prro::canonical_builder	rejects_missing_driver_id	false
live-dps	prro	prro::canonical_builder	rejects_payload_hash_mismatch	false
live-dps	prro	prro::canonical_builder	rejects_return_without_total	false
live-dps	prro	prro::canonical_builder	rejects_sell_without_total	false
live-dps	prro	prro::canonical_builder	rejects_shift_close_as_z_class	false
live-dps	prro	prro::canonical_builder	rejects_unknown_operation	false
live-dps	prro	prro::canonical_builder	rejects_z_report_as_z_class	false
live-dps	prro	prro::canonical_builder	shift_open_stray_total_is_normalized_to_none	false
live-dps	prro	prro::canonical_builder	shift_open_without_total_is_ok	false
live-dps	prro	prro::canonical_builder	terminalize_marks_rejected_audits_and_creates_no_fiscal_doc	false
live-dps	prro	prro::canonical_builder	terminalize_persists_data_carrying_variant_in_audit	false
live-dps	prro	prro::canonical_builder	terminalize_refuses_to_clobber_a_non_processing_row	false
live-dps	prro	prro::cert_refresher_branches	refresh_new_ski_runs_key_roll_atomic	false
live-dps	prro	prro::cert_refresher_branches	refresh_same_ski_writes_in_place_only	false
live-dps	prro	prro::cert_refresher_smoke	refresh_falls_back_when_first_url_returns_5xx	false
live-dps	prro	prro::cert_refresher_smoke	refresh_returns_all_urls_failed_on_garbage_response_body	false
live-dps	prro	prro::cert_refresher_smoke	refresh_returns_all_urls_failed_when_all_5xx	false
live-dps	prro	prro::cert_refresher_smoke	refresh_succeeds_via_wiremock_iit_envelope	false
live-dps	prro	prro::coding_roundtrip	decode_empty_input_returns_typed_error	false
live-dps	prro	prro::coding_roundtrip	encode_empty_input_returns_typed_error	false
live-dps	prro	prro::coding_roundtrip	encode_produces_non_empty_output_for_non_empty_input	false
live-dps	prro	prro::coding_roundtrip	roundtrip_all_byte_values_is_bijective	false
live-dps	prro	prro::coding_roundtrip	roundtrip_typical_ascii_password	false
live-dps	prro	prro::crypto_provider_smoke	accepted_cms_profile_is_not_rejected_as_curve_mismatch	false
live-dps	prro	prro::crypto_provider_smoke	fetch_cert_with_no_urls_returns_typed_all_urls_failed	false
live-dps	prro	prro::crypto_provider_smoke	sealed_material_debug_is_redacted	false
live-dps	prro	prro::crypto_provider_smoke	sign_cms_uses_the_sessions_real_private_scalar	false
live-dps	prro	prro::crypto_provider_smoke	signing_session_debug_is_redacted	false
live-dps	prro	prro::crypto_provider_smoke	unseal_with_garbage_jks_returns_typed_seal_error	false
live-dps	prro	prro::crypto_provider_smoke	verify_dstu_known_good_sig_returns_true	false
live-dps	prro	prro::cs1_test_provenance	a2c_decode_type_is_pinned_in_sig	false
live-dps	prro	prro::cs1_test_provenance	a4_runtime_sql_alias_removal_is_catalogued_not_hidden	false
live-dps	prro	prro::cs1_test_provenance	cs1_immutable_provenance_base_vs_head	false
live-dps	prro	prro::cs1_test_provenance	cs1_live_drift_base_vs_worktree	false
live-dps	prro	prro::cs1_test_provenance	cs1_provenance_set_is_exactly_79	false
live-dps	prro	prro::cs1_test_provenance	mint_canonical_fingerprints	true
live-dps	prro	prro::cs1_test_provenance	pin_loader_reads_only_canonical_path	false
live-dps	prro	prro::cs1_test_provenance	print_manual_residual_fingerprint	true
live-dps	prro	prro::cs1r4_integrity_job_coverage	cargo_legs_are_scope_gated_and_the_job_stays_unconditional	false
live-dps	prro	prro::cs1r4_integrity_job_coverage	every_member_has_a_test_leg	false
live-dps	prro	prro::cs1r4_integrity_job_coverage	every_member_is_compiled	false
live-dps	prro	prro::cs1r4_integrity_job_coverage	mutation_diff_scope_detector_is_fail_closed	false
live-dps	prro	prro::cs1r4_integrity_job_coverage	mutation_gate_teeth_job_runs_unconditionally	false
live-dps	prro	prro::cs1r4_integrity_job_coverage	prro_test_leg_carries_test_support_feature	false
live-dps	prro	prro::cs1r4_integrity_job_coverage	scope_allowlist_excludes_everything_that_can_move_a_gate	false
live-dps	prro	prro::cs1r4_integrity_job_coverage	scope_classifier_decides_correctly_on_a_table_of_paths	false
live-dps	prro	prro::cs1r4_integrity_job_coverage	scope_step_is_fail_closed	false
live-dps	prro	prro::cs3_c_db_classifier_storage_roundtrip	ne01_routing_for_reject_node_effects_all_033_storable	false
live-dps	prro	prro::cs3_c_db_classifier_storage_roundtrip	st01_every_classifier_output_is_033_storable	false
live-dps	prro	prro::cs3_c_db_classifier_storage_roundtrip	st02_stored_columns_read_back_correctly	false
live-dps	prro	prro::cs3_c_db_classifier_storage_roundtrip	tg01_submitted_plus_no_response_rejected	false
live-dps	prro	prro::cs3_c_db_classifier_storage_roundtrip	tg02_submitted_unknown_null_routing_rejected	false
live-dps	prro	prro::cs3_c_db_classifier_storage_roundtrip	tg03_terminal_reject_with_submitted_unknown_rejected	false
live-dps	prro	prro::cs3_c_db_classifier_storage_roundtrip	tg04_probe_required_with_no_response_rejected	false
live-dps	prro	prro::cs3_c_db_classifier_storage_roundtrip	tg05_mac_recovery_with_submitted_unknown_rejected	false
live-dps	prro	prro::cs3_evidence_matrix_conformance	every_leaf_conforms_to_migration_036_matrix	false
live-dps	prro	prro::derive_tax_summaries	calc_tax_error_propagates_as_typed_result	false
live-dps	prro	prro::derive_tax_summaries	calc_tax_unsupported_txal_propagates	false
live-dps	prro	prro::derive_tax_summaries	empty_items_yields_empty_summaries	false
live-dps	prro	prro::derive_tax_summaries	items_in_different_groups_yield_one_summary_each	false
live-dps	prro	prro::derive_tax_summaries	items_in_same_group_sum_aggregated_into_single_summary	false
live-dps	prro	prro::derive_tax_summaries	items_without_tax_group_1_are_ignored	false
live-dps	prro	prro::derive_tax_summaries	summaries_emit_in_input_order_emitter_handles_sort	false
live-dps	prro	prro::derive_tax_summaries	unknown_tax_group_is_skipped_no_summary_emitted	false
live-dps	prro	prro::digest_mint_source_gate	aliased_use_of_delivery_type_is_caught	false
live-dps	prro	prro::digest_mint_source_gate	aliased_use_of_mint_is_caught	false
live-dps	prro	prro::digest_mint_source_gate	allowlist_helper_allows_real_sites	false
live-dps	prro	prro::digest_mint_source_gate	allowlist_helper_rejects_wrong_axis	false
live-dps	prro	prro::digest_mint_source_gate	carrying_a_digest_not_flagged	false
live-dps	prro	prro::digest_mint_source_gate	cfg_all_test_and_feature_is_exempt	false
live-dps	prro	prro::digest_mint_source_gate	cfg_any_test_or_feature_is_not_exempt	false
live-dps	prro	prro::digest_mint_source_gate	cfg_not_test_direct_ctor_is_caught	false
live-dps	prro	prro::digest_mint_source_gate	cfg_test_double_is_exempt	false
live-dps	prro	prro::digest_mint_source_gate	decoder_macro_export_mint_is_caught	false
live-dps	prro	prro::digest_mint_source_gate	fn_pointer_capture_of_delivery_ctor_is_caught	false
live-dps	prro	prro::digest_mint_source_gate	fn_pointer_capture_of_mint_is_caught	false
live-dps	prro	prro::digest_mint_source_gate	forwarding_wrapper_in_allowed_file_is_caught	false
live-dps	prro	prro::digest_mint_source_gate	full_forge_chain_via_captures_is_caught	false
live-dps	prro	prro::digest_mint_source_gate	generic_identity_alias_delivery_ctor_is_caught	false
live-dps	prro	prro::digest_mint_source_gate	genuine_cfg_test_mint_is_exempt	false
live-dps	prro	prro::digest_mint_source_gate	m3_map_send_reply_stays_wired_into_stage_send	false
live-dps	prro	prro::digest_mint_source_gate	macro_export_laundering_of_mint_is_caught	false
live-dps	prro	prro::digest_mint_source_gate	macro_invocation_delivery_ctor_is_caught	false
live-dps	prro	prro::digest_mint_source_gate	macro_invocation_laundering_is_caught	false
live-dps	prro	prro::digest_mint_source_gate	ordinary_carry_of_a_digest_is_not_flagged	false
live-dps	prro	prro::digest_mint_source_gate	parse_error_fails_gate	false
live-dps	prro	prro::digest_mint_source_gate	plain_type_import_not_flagged	false
live-dps	prro	prro::digest_mint_source_gate	production_include_macro_is_caught	false
live-dps	prro	prro::digest_mint_source_gate	production_src_authority_flow_gate_holds	false
live-dps	prro	prro::digest_mint_source_gate	production_src_mints_digest_only_in_transport_decoder	false
live-dps	prro	prro::digest_mint_source_gate	qself_delivery_ctor_is_caught	false
live-dps	prro	prro::digest_mint_source_gate	reexport_of_mint_is_caught	false
live-dps	prro	prro::digest_mint_source_gate	reexport_of_provenance_mint_is_caught	false
live-dps	prro	prro::digest_mint_source_gate	services_call_of_mint_is_caught	false
live-dps	prro	prro::digest_mint_source_gate	services_call_of_provenance_mint_is_caught	false
live-dps	prro	prro::digest_mint_source_gate	split_token_macro_ctor_is_caught	false
live-dps	prro	prro::digest_mint_source_gate	unrelated_ctor_name_not_flagged	false
live-dps	prro	prro::directed_unknown_status_probe	unknown_status_minus_17_holds_probe_required_single_wire	false
live-dps	prro	prro::directed_unknown_status_probe	unknown_status_minus_4_holds_probe_required_single_wire	false
live-dps	prro	prro::doctor_live_verdicts	cert_window_expired_when_past_not_after	false
live-dps	prro	prro::doctor_live_verdicts	cert_window_ok_when_more_than_30_days_remain	false
live-dps	prro	prro::doctor_live_verdicts	cert_window_warn_when_less_than_30_days_remain	false
live-dps	prro	prro::doctor_live_verdicts	ledger_sync_diverged_when_local_differs_from_server	false
live-dps	prro	prro::doctor_live_verdicts	ledger_sync_in_sync_when_local_matches_server	false
live-dps	prro	prro::doctor_live_verdicts	ledger_sync_no_local_state_when_local_tip_absent	false
live-dps	prro	prro::doctor_live_verdicts	live_flag_gate_no_live_args_succeeds_without_key_env	false
live-dps	prro	prro::doctor_live_verdicts	offline_pool_ok_at_zero_when_min_is_zero	false
live-dps	prro	prro::doctor_live_verdicts	offline_pool_ok_when_available_exceeds_min	false
live-dps	prro	prro::doctor_live_verdicts	offline_pool_ok_when_available_meets_min	false
live-dps	prro	prro::doctor_live_verdicts	offline_pool_warn_when_available_below_min	false
live-dps	prro	prro::doctor_smoke	doctor_refuses_when_lock_is_already_held_and_does_not_touch_db	false
live-dps	prro	prro::doctor_smoke	doctor_succeeds_when_lock_is_free	false
live-dps	prro	prro::document_files_replace	replace_fk_violation_on_missing_fiscal_document	false
live-dps	prro	prro::document_files_replace	replace_inserts_when_no_existing_row	false
live-dps	prro	prro::document_files_replace	replace_overwrites_existing_row_in_place	false
live-dps	prro	prro::document_files_replace	replace_resets_created_at_to_recovery_time	false
live-dps	prro	prro::document_files_replace	replace_round_trips_arbitrary_byte_content	false
live-dps	prro	prro::dps_ask_offline_codes	ask_codes_call_log_records_in_order	false
live-dps	prro	prro::dps_ask_offline_codes	ask_codes_over_call_returns_typed_error	false
live-dps	prro	prro::dps_ask_offline_codes	ask_offline_codes_decodes_real_capture	false
live-dps	prro	prro::dps_ask_offline_codes	ask_offline_codes_server_error_passthrough	false
live-dps	prro	prro::dps_ask_offline_codes	decode_real_fixture_inner_xml	false
live-dps	prro	prro::dps_ask_offline_codes	parse_offline_codes_xml_decodes_multiple_ids	false
live-dps	prro	prro::dps_ask_offline_codes	parse_offline_codes_xml_empty_returns_ok_empty	false
live-dps	prro	prro::dps_ask_offline_codes	parse_offline_codes_xml_no_rs_wrapper	false
live-dps	prro	prro::dps_channel_smoke	by_server_fiscal_no_absent_returns_not_found	false
live-dps	prro	prro::dps_channel_smoke	by_server_fiscal_no_match_returns_ok	false
live-dps	prro	prro::dps_channel_smoke	by_server_fiscal_no_mismatch_returns_typed_mismatch	false
live-dps	prro	prro::dps_channel_smoke	grpc_timeout_metadata_set_on_every_rpc	false
live-dps	prro	prro::dps_channel_smoke	info_rro_happy_returns_rro_info	false
live-dps	prro	prro::dps_channel_smoke	last_chk_happy_returns_check_ack	false
live-dps	prro	prro::dps_channel_smoke	ping_happy_returns_check_ack	false
live-dps	prro	prro::dps_channel_smoke	query_by_local_identity_returns_query_not_supported_without_hitting_server	false
live-dps	prro	prro::dps_channel_smoke	send_chk_error_not_open_shift_routes_to_server_kind	false
live-dps	prro	prro::dps_channel_smoke	send_chk_error_not_registered_rro_routes_to_authorization_fn_not_registered	false
live-dps	prro	prro::dps_channel_smoke	send_chk_error_not_registered_signer_routes_to_authorization_fn_not_registered	false
live-dps	prro	prro::dps_channel_smoke	send_chk_error_unknown_routes_to_transport_retry_class	false
live-dps	prro	prro::dps_channel_smoke	send_chk_error_verefy_routes_to_authorization	false
live-dps	prro	prro::dps_channel_smoke	send_chk_happy_returns_check_ack	false
live-dps	prro	prro::dps_channel_smoke	send_chk_observed_issues_exactly_one_rpc	false
live-dps	prro	prro::dps_channel_smoke	send_chk_observed_legacy_leg_matches_send_chk_on_same_reply	false
live-dps	prro	prro::dps_channel_smoke	send_chk_status_unknown_routes_to_decode	false
live-dps	prro	prro::dps_channel_smoke	status_rro_error_not_registered_rro_routes_to_authorization	false
live-dps	prro	prro::dps_channel_smoke	status_rro_happy_returns_status_snapshot	false
live-dps	prro	prro::dps_channel_smoke	tonic_unauthenticated_routes_to_transport	false
live-dps	prro	prro::dps_channel_smoke	tonic_unavailable_routes_to_transport	false
live-dps	prro	prro::dps_decode_fuzz	fuzz_extract_econtent_arbitrary	false
live-dps	prro	prro::dps_decode_fuzz	fuzz_extract_econtent_mutated_live	false
live-dps	prro	prro::dps_decode_fuzz	fuzz_extract_econtent_truncated	false
live-dps	prro	prro::dps_decode_fuzz	fuzz_parse_offline_codes_xml_arbitrary	false
live-dps	prro	prro::dps_decode_fuzz	fuzz_parse_offline_codes_xml_mutated_valid	false
live-dps	prro	prro::dps_rpc_surface_pin	the_deferred_rpcs_are_absent	false
live-dps	prro	prro::dps_rpc_surface_pin	the_dps_rpc_surface_is_exactly_the_five_decided_ones	false
live-dps	prro	prro::dps_rpc_surface_pin	the_only_submit_rpc_is_the_v2_one	false
live-dps	prro	prro::epz	pin_derive_cash_on_hand_with_epz_term	false
live-dps	prro	prro::epz	pin_epz_ledger_subtracts	false
live-dps	prro	prro::epz	pin_epz_over_drawer_refused_pre_inbox	false
live-dps	prro	prro::epz	pin_epz_paymentid_lt_2_refused	false
live-dps	prro	prro::epz	pin_epz_policy_signable	false
live-dps	prro	prro::epz	pin_epz_teeth	false
live-dps	prro	prro::epz	pin_epz_tx_aggregate_counts_epz_out	false
live-dps	prro	prro::epz	pin_epz_wire_c_type_8	false
live-dps	prro	prro::epz	pin_epz_wire_omits_empty_slip_attrs	false
live-dps	prro	prro::epz	pin_epz_z_quiescence_blocks	false
live-dps	prro	prro::epz	pin_z_carries_epz_section	false
live-dps	prro	prro::finalize_helpers	mark_done_returns_false_for_missing_row	false
live-dps	prro	prro::finalize_helpers	mark_done_rolls_back_with_enclosing_tx	false
live-dps	prro	prro::finalize_helpers	mark_done_status_guard_rejects_already_done_row	false
live-dps	prro	prro::finalize_helpers	mark_done_status_guard_rejects_rejected_row	false
live-dps	prro	prro::finalize_helpers	mark_done_updates_processing_row_returns_true	false
live-dps	prro	prro::finalize_helpers	seed_update_advances_existing_row_returns_true	false
live-dps	prro	prro::finalize_helpers	seed_update_idempotent_under_same_hash_returns_true	false
live-dps	prro	prro::finalize_helpers	seed_update_overwrites_prior_value_returns_true	false
live-dps	prro	prro::finalize_helpers	seed_update_returns_false_for_missing_fn_row	false
live-dps	prro	prro::finalize_helpers	seed_update_rolls_back_with_enclosing_tx	false
live-dps	prro	prro::fiscal_documents_offline_local_ack_edges_locked	doc_state_enum_total_count_is_locked	false
live-dps	prro	prro::fiscal_documents_offline_local_ack_edges_locked	offline_local_ack_inbound_edges_are_exactly_signed	false
live-dps	prro	prro::fiscal_documents_offline_local_ack_edges_locked	offline_local_ack_outbound_edges_are_exactly_sending_cancelled	false
live-dps	prro	prro::fiscal_documents_offline_local_ack_edges_locked	offline_local_ack_self_loop_is_forbidden	false
live-dps	prro	prro::fiscal_documents_offline_local_ack_edges_locked	total_offline_local_ack_touching_edge_count_is_three	false
live-dps	prro	prro::fiscal_documents_offline_local_ack_edges_locked	w6_inbound_edge_named_positive_case	false
live-dps	prro	prro::fiscal_documents_offline_local_ack_edges_locked	w6_outbound_edges_named_positive_cases	false
live-dps	prro	prro::fiscal_documents_offline_local_ack_edges_locked	w9b_outbound_edge_offline_local_ack_to_kvt2_is_forbidden	false
live-dps	prro	prro::fiscal_documents_send_helpers	fetch_send_inputs_returns_minimal_field_set	false
live-dps	prro	prro::fiscal_documents_send_helpers	fetch_send_inputs_returns_none_for_missing_row	false
live-dps	prro	prro::fiscal_documents_send_helpers	fetch_send_inputs_works_for_all_doc_types	false
live-dps	prro	prro::fiscal_documents_send_helpers	mac_recovery_claim_fails_on_missing_row	false
live-dps	prro	prro::fiscal_documents_send_helpers	mac_recovery_claim_fails_on_non_error_retryable_state	false
live-dps	prro	prro::fiscal_documents_send_helpers	mac_recovery_claim_is_single_bit_second_call_returns_false	false
live-dps	prro	prro::fiscal_documents_send_helpers	mac_recovery_claim_succeeds_on_error_retryable_with_zero_counter	false
live-dps	prro	prro::fiscal_documents_send_helpers	mark_submission_attempted_idempotent_preserves_first_stamp	false
live-dps	prro	prro::fiscal_documents_send_helpers	mark_submission_attempted_returns_false_for_missing_row	false
live-dps	prro	prro::fiscal_documents_send_helpers	mark_submission_attempted_updates_existing_row	false
live-dps	prro	prro::fiscal_documents_send_helpers	set_server_fiscal_no_returns_false_for_missing_row	false
live-dps	prro	prro::fiscal_documents_send_helpers	set_server_fiscal_no_updates_existing_row	false
live-dps	prro	prro::fn_fence_active	fence_active_tx_detects_active_reservation	false
live-dps	prro	prro::fn_fence_active	fence_predicate_byte_identity	false
live-dps	prro	prro::fn_fence_active	fence_wired_into_writers_static_pin	false
live-dps	prro	prro::goldens_byte_equiv	cms_deterministic_prefix_equals_sell_xml	false
live-dps	prro	prro::goldens_byte_equiv	missing_golden_panics_with_remediation_message	false
live-dps	prro	prro::goldens_byte_equiv	prevhash_seed_is_32_zero_bytes	false
live-dps	prro	prro::goldens_byte_equiv	return_shares_sell_body_and_differs_only_in_check_type	false
live-dps	prro	prro::goldens_byte_equiv	xml_return_byte_equivalent	false
live-dps	prro	prro::goldens_byte_equiv	xml_sell_byte_equivalent	false
live-dps	prro	prro::goldens_byte_equiv	xml_sell_extended_byte_equivalent	false
live-dps	prro	prro::goldens_byte_equiv	xml_shift_open_byte_equivalent	false
live-dps	prro	prro::goldens_byte_equiv	xml_z_report_byte_equivalent_doubles_as_close_shift	false
live-dps	prro	prro::goldens_byte_equiv	xml_z_report_extended_byte_equivalent	false
live-dps	prro	prro::handler_503_on_missing_operator	missing_operator_yields_registry_none_and_audit_for_configured_fn	false
live-dps	prro	prro::hpc_t112_nc03	after_sell_recovers_hsell_not_stale_hs	false
live-dps	prro	prro::hpc_t112_nc03	ambiguous_t112_hold_is_resolvable_only_by_a_peer_corroborated_seed	false
live-dps	prro	prro::hpc_t112_nc03	crash_atomicity_all_three_coexist_on_success	false
live-dps	prro	prro::hpc_t112_nc03	guard_b_accepts_reseed_to_hs_rejects_hp	false
live-dps	prro	prro::hpc_t112_nc03	invariant_scan_clean_after_standalone_replenish	false
live-dps	prro	prro::hpc_t112_nc03	nc03_pre_sell_recovers_hs	false
live-dps	prro	prro::hpc_t112_nc03	scan_clean_when_a_doc_chains_onto_the_t112_witness	false
live-dps	prro	prro::hpc_t112_nc03	tied_witnesses_same_second_recover_the_latest_seed	false
live-dps	prro	prro::hpc_t112_nc03	witness_and_seed_roll_back_together_on_tx_error	false
live-dps	prro	prro::inbox_reaper	reap_new_no_doc_terminalises_rejected	false
live-dps	prro	prro::inbox_reaper	reap_processing_accepted_doc_converges_done	false
live-dps	prro	prro::inbox_reaper	reap_processing_failed_doc_terminalises_rejected	false
live-dps	prro	prro::inbox_reaper	reap_processing_in_flight_doc_is_untouched	false
live-dps	prro	prro::inbox_reaper	reap_processing_no_doc_terminalises_rejected_critical	false
live-dps	prro	prro::inbox_reaper	replay_after_reap_is_terminal_inbox_rejected	false
live-dps	prro	prro::inbox_reaper	runtime_sweep_leaves_fresh_processing_untouched	false
live-dps	prro	prro::inbox_reaper	runtime_sweep_reaps_aged_processing_no_doc	false
live-dps	prro	prro::inbox_reaper	threshold_is_15_min	false
live-dps	prro	prro::ingress_dto_parity	canonical_hash_is_stable_across_field_order	false
live-dps	prro	prro::ingress_dto_parity	canonical_hash_scope_is_payload_only_not_envelope	false
live-dps	prro	prro::ingress_dto_parity	cashier_id_empty_string_returns_typed_invalid_error	false
live-dps	prro	prro::ingress_dto_parity	cashier_id_null_maps_to_signed_by_cashier_id_none	false
live-dps	prro	prro::ingress_dto_parity	each_fiscal_command_type_fixture_parses_and_maps	false
live-dps	prro	prro::ingress_dto_parity	fixture_round_trips_through_serde_losslessly_at_typed_layer	false
live-dps	prro	prro::ingress_dto_parity	periodic_report_command_type_is_unsupported_for_fiscal_pipeline	false
live-dps	prro	prro::ingress_dto_parity	read_only_and_unsupported_command_types_rejected_at_ingress_boundary	false
live-dps	prro	prro::ingress_dto_parity	schema_version_mismatch_returns_typed_error	false
live-dps	prro	prro::ingress_dto_parity	sell_fixture_without_article_code_is_rejected_by_convert	false
live-dps	prro	prro::ingress_dto_parity	sell_with_article_code_converts_to_stage_sign_ready_payload	false
live-dps	prro	prro::ingress_module_compiles	ingress_public_surface_reachable	false
live-dps	prro	prro::invariant_fuzzer	a1_offline_crash_send_completes_as_doc_so_settled_scan_runs	false
live-dps	prro	prro::invariant_fuzzer	a2_terminal_settle_resolves_unpaired_crash_and_scans	false
live-dps	prro	prro::invariant_fuzzer	a3_assert_no_resend_catches_a_resend	false
live-dps	prro	prro::invariant_fuzzer	a4_terminal_no_session_going_online_artifact_does_not_liveness_panic	false
live-dps	prro	prro::invariant_fuzzer	a4_terminal_settle_drains_legit_going_online_to_online	false
live-dps	prro	prro::invariant_fuzzer	a4_terminal_verdict_decision_table	false
live-dps	prro	prro::invariant_fuzzer	chain_continuity_previous_hash_equals_prior_tip	false
live-dps	prro	prro::invariant_fuzzer	crash_after_offline_ack_reboot_converges_single_issue	false
live-dps	prro	prro::invariant_fuzzer	crash_and_reboot_are_fault_without_mutation	false
live-dps	prro	prro::invariant_fuzzer	dead_until_reboot_skips_ops_after_composition_crash	false
live-dps	prro	prro::invariant_fuzzer	differential_catches_lnd_divergence	false
live-dps	prro	prro::invariant_fuzzer	differential_clean_online_sell_sequence_matches_model	false
live-dps	prro	prro::invariant_fuzzer	differential_go_online_ledger_matches_model	false
live-dps	prro	prro::invariant_fuzzer	differential_invalid_sell_with_closed_shift_is_no_mutation	false
live-dps	prro	prro::invariant_fuzzer	differential_offline_shift_open_drain_reject_escalates_edge6_rmr	false
live-dps	prro	prro::invariant_fuzzer	differential_offline_shift_open_enters_opened_pending_drain	false
live-dps	prro	prro::invariant_fuzzer	differential_offline_shift_open_go_online_ack_opens_shift	false
live-dps	prro	prro::invariant_fuzzer	differential_offline_z_report_drain_reject_escalates_edge14_rmr	false
live-dps	prro	prro::invariant_fuzzer	differential_offline_z_report_enters_closing_pending_drain	false
live-dps	prro	prro::invariant_fuzzer	differential_offline_z_report_go_online_ack_closes_shift	false
live-dps	prro	prro::invariant_fuzzer	differential_online_epz_issues_and_matches_model	false
live-dps	prro	prro::invariant_fuzzer	differential_online_shift_open_ack_notfound_holds_sent_and_opens_shift	false
live-dps	prro	prro::invariant_fuzzer	differential_online_shift_open_opens_shift_matches_model	false
live-dps	prro	prro::invariant_fuzzer	differential_online_z_report_ack_notfound_holds_sent_and_closes_shift	false
live-dps	prro	prro::invariant_fuzzer	differential_online_z_report_closes_shift_matches_model	false
live-dps	prro	prro::invariant_fuzzer	directed_at_most_one_active_reservation_per_fn	false
live-dps	prro	prro::invariant_fuzzer	directed_bad_hash_prev_held_witness_matches_real_reservation	false
live-dps	prro	prro::invariant_fuzzer	directed_not_accepted_offline_cancels_cohort_and_rewinds	false
live-dps	prro	prro::invariant_fuzzer	directed_not_accepted_offline_refuses_on_later_issued_successor	false
live-dps	prro	prro::invariant_fuzzer	directed_offline_ack_notfound_releases_at_send_not_held	false
live-dps	prro	prro::invariant_fuzzer	directed_offline_drain_bad_hash_prev_held_witness_matches_real_reservation	false
live-dps	prro	prro::invariant_fuzzer	directed_offline_drain_superseded_held_witness_matches_real_reservation	false
live-dps	prro	prro::invariant_fuzzer	directed_offline_drain_unknown_status_held_witness_matches_real_reservation	false
live-dps	prro	prro::invariant_fuzzer	directed_offline_reject_held_witness_matches_real_reservation	false
live-dps	prro	prro::invariant_fuzzer	directed_online_reject_releases_to_rejected_no_hold	false
live-dps	prro	prro::invariant_fuzzer	directed_operator_complete_releases_unknown_status_hold	false
live-dps	prro	prro::invariant_fuzzer	directed_superseded_held_witness_matches_real_reservation	false
live-dps	prro	prro::invariant_fuzzer	drain_and_go_online_out_of_precondition_are_no_mutation	false
live-dps	prro	prro::invariant_fuzzer	fault_crash_kvt1_reboot_probe_no_resend	false
live-dps	prro	prro::invariant_fuzzer	fault_crash_send_reboot_bounded_postcond_and_clean	false
live-dps	prro	prro::invariant_fuzzer	fault_resync_then_next_op_is_differential_clean	false
live-dps	prro	prro::invariant_fuzzer	fence_integrity_catches_foreign_pointer_over_a_resting_hold	false
live-dps	prro	prro::invariant_fuzzer	fence_integrity_catches_stale_generation_over_a_resting_hold	false
live-dps	prro	prro::invariant_fuzzer	fuzz_cases_reads_env_with_256_default	false
live-dps	prro	prro::invariant_fuzzer	generator_emits_both_peer_truths_on_leaf_and_crash	false
live-dps	prro	prro::invariant_fuzzer	generator_emits_both_replenish_leaves	false
live-dps	prro	prro::invariant_fuzzer	generator_emits_online_and_offline_returns	false
live-dps	prro	prro::invariant_fuzzer	generator_emits_unknown_status_on_sell_and_shift_lanes	false
live-dps	prro	prro::invariant_fuzzer	h7b_a_granted_replenish_is_refused_on_a_tip_dps_never_accepted	false
live-dps	prro	prro::invariant_fuzzer	harness_crash_reboot_enforces_no_resend_postcond	false
live-dps	prro	prro::invariant_fuzzer	harness_exotic_drain_is_bounded_postcond_verified	false
live-dps	prro	prro::invariant_fuzzer	harness_generative_not_accepted_offline_cohort_cancel_and_rewind	false
live-dps	prro	prro::invariant_fuzzer	harness_no_mutation_split_both_classes	false
live-dps	prro	prro::invariant_fuzzer	harness_offline_drain_reject_fires_held_witness_check	false
live-dps	prro	prro::invariant_fuzzer	harness_offline_no_code_sell_mirrors_aborted_row	false
live-dps	prro	prro::invariant_fuzzer	harness_offline_operator_accepted_held_drain_doc_resettles_online	false
live-dps	prro	prro::invariant_fuzzer	harness_offline_seeded	false
live-dps	prro	prro::invariant_fuzzer	harness_online_operator_accepted_after_badhashprev_hold_seed_advance	false
live-dps	prro	prro::invariant_fuzzer	harness_online_seeded	false
live-dps	prro	prro::invariant_fuzzer	harness_recovered_go_online_full_snapshot_verified	false
live-dps	prro	prro::invariant_fuzzer	harness_replenish_refused_while_an_offline_backlog_rests	false
live-dps	prro	prro::invariant_fuzzer	harness_replenish_server_reject_persists_nothing	false
live-dps	prro	prro::invariant_fuzzer	harness_replenish_survives_crash_and_reboot	false
live-dps	prro	prro::invariant_fuzzer	harness_replenish_then_offline_sell_chains_onto_the_non_doc_seed	false
live-dps	prro	prro::invariant_fuzzer	harness_two_replenishes_in_a_row_resolve_to_the_latest	false
live-dps	prro	prro::invariant_fuzzer	held_online_return_survives_reboot_with_no_resend_or_reissue	false
live-dps	prro	prro::invariant_fuzzer	held_reservation_survives_reboot_then_operator_releases	false
live-dps	prro	prro::invariant_fuzzer	held_witness_catches_routing_class_divergence	false
live-dps	prro	prro::invariant_fuzzer	held_witness_unknown_status_matches_real_reservation	false
live-dps	prro	prro::invariant_fuzzer	interp::cash_differential_sell_and_return	false
live-dps	prro	prro::invariant_fuzzer	interp::cash_oracle_detects_divergence_and_matches_on_valid_path	false
live-dps	prro	prro::invariant_fuzzer	interp::crash_kvt1_leaves_sent_committed	false
live-dps	prro	prro::invariant_fuzzer	interp::crash_send_then_reboot_recovers_without_panic_or_resend	false
live-dps	prro	prro::invariant_fuzzer	interp::drain_after_going_online_advances_backlog_to_ack	false
live-dps	prro	prro::invariant_fuzzer	interp::drain_provisions_full_cohort_not_just_offline_local_ack	false
live-dps	prro	prro::invariant_fuzzer	interp::fuzz_ctx_drop_cleans_per_case_temp_dbs	false
live-dps	prro	prro::invariant_fuzzer	interp::go_online_after_backlog_drains_to_ack	false
live-dps	prro	prro::invariant_fuzzer	interp::offline_sell_lands_offline_local_ack	false
live-dps	prro	prro::invariant_fuzzer	interp::pin_guard3b_service_in_then_service_out_admitted	false
live-dps	prro	prro::invariant_fuzzer	interp::pin_guard3b_service_out_refused_in_lease	false
live-dps	prro	prro::invariant_fuzzer	interp::pin_hole2_in_lease_refusal_is_row_non_issued	false
live-dps	prro	prro::invariant_fuzzer	interp::pin_hole2_serial_return_second_refused_in_lease	false
live-dps	prro	prro::invariant_fuzzer	interp::sell_with_closed_shift_is_refused	false
live-dps	prro	prro::invariant_fuzzer	interp::valid_three_op_online_sell_sequence_all_reach_ack	false
live-dps	prro	prro::invariant_fuzzer	invalid_and_reentry_ops_do_not_mutate	false
live-dps	prro	prro::invariant_fuzzer	knk_t112_during_backlog_must_not_strand_the_drain	true
live-dps	prro	prro::invariant_fuzzer	l5_probe_valid_sell_converts_and_issues	false
live-dps	prro	prro::invariant_fuzzer	l5_probe_valid_then_ordinary_sell_composes	false
live-dps	prro	prro::invariant_fuzzer	macreseed_completion_releases_iff_online_macreseed_hold_and_seed_matches_tip	false
live-dps	prro	prro::invariant_fuzzer	macreseed_on_non_macreseed_hold_refused_hold_intact	false
live-dps	prro	prro::invariant_fuzzer	macreseed_valid_seed_equals_tip_releases_to_rmr	false
live-dps	prro	prro::invariant_fuzzer	macreseed_wrong_seed_refused_hold_intact_seed_unchanged	false
live-dps	prro	prro::invariant_fuzzer	minus_12_holds_the_node_and_rests_the_doc_sending	false
live-dps	prro	prro::invariant_fuzzer	mirrors_catch_seeded_mirror2_desync	false
live-dps	prro	prro::invariant_fuzzer	mirrors_legal_empty_active_session_passes	false
live-dps	prro	prro::invariant_fuzzer	mixed_sell_return_sequence_matches_model	false
live-dps	prro	prro::invariant_fuzzer	model_drain_ackpath_advances_backlog_to_ack	false
live-dps	prro	prro::invariant_fuzzer	model_drain_reject_halts_and_escalates_manual	false
live-dps	prro	prro::invariant_fuzzer	model_go_online_transitions_and_drains	false
live-dps	prro	prro::invariant_fuzzer	nightly_find_0627_go_online_from_going_online_literal_pin	false
live-dps	prro	prro::invariant_fuzzer	o1_convergence_assert_decision	false
live-dps	prro	prro::invariant_fuzzer	offline_full_day_z_aggregation_survives_return_online_drain	false
live-dps	prro	prro::invariant_fuzzer	offline_reject_held_witness_reds_on_foreign_fence_pointer	false
live-dps	prro	prro::invariant_fuzzer	offline_reject_held_witness_reds_on_prod_apply_regression	false
live-dps	prro	prro::invariant_fuzzer	offline_reject_held_witness_reds_on_stale_generation	false
live-dps	prro	prro::invariant_fuzzer	offline_reject_holds_terminal_reject_origin_keyed	false
live-dps	prro	prro::invariant_fuzzer	offline_return_consumes_code_matches_model	false
live-dps	prro	prro::invariant_fuzzer	offline_return_produces_a_genuine_return_doc	false
live-dps	prro	prro::invariant_fuzzer	offline_sell_advances_seed_at_offline_local_ack_and_consumes_code	false
live-dps	prro	prro::invariant_fuzzer	offline_shift_open_refused_after_lazy_begin_mints_begin_row	false
live-dps	prro	prro::invariant_fuzzer	online_return_ack_path_matches_model	false
live-dps	prro	prro::invariant_fuzzer	online_return_bad_hash_prev_within_d4_bound	false
live-dps	prro	prro::invariant_fuzzer	online_return_d5_gated_by_non_issued_sibling	false
live-dps	prro	prro::invariant_fuzzer	online_return_duplicate_idem_key_makes_no_second_fiscalization	false
live-dps	prro	prro::invariant_fuzzer	online_return_produces_a_genuine_return_doc	false
live-dps	prro	prro::invariant_fuzzer	online_return_reject_matches_model_no_issuance_row	false
live-dps	prro	prro::invariant_fuzzer	online_sell_ack_then_lastchk_not_found_holds_at_sent	false
live-dps	prro	prro::invariant_fuzzer	online_sell_ackpath_advances_lnd_and_seed	false
live-dps	prro	prro::invariant_fuzzer	online_sell_reject_is_no_issuance_row_with_non_issued_rejected_row	false
live-dps	prro	prro::invariant_fuzzer	online_sell_timeout_does_not_falsely_issue	false
live-dps	prro	prro::invariant_fuzzer	online_z_report_is_true_noop_while_receipt_sent_is_in_flight	false
live-dps	prro	prro::invariant_fuzzer	op_sequences_run_without_panic	false
live-dps	prro	prro::invariant_fuzzer	operator_complete_fn_mismatch_refused_hold_intact	false
live-dps	prro	prro::invariant_fuzzer	operator_complete_offline_kind_on_online_hold_refused_intact	false
live-dps	prro	prro::invariant_fuzzer	operator_complete_releases_then_next_sell_issues	false
live-dps	prro	prro::invariant_fuzzer	operator_complete_without_hold_is_inert	false
live-dps	prro	prro::invariant_fuzzer	oracle::tests::z_aggregation_oracle_accepts_independently_computed_taxable_payload	false
live-dps	prro	prro::invariant_fuzzer	oracle::tests::z_aggregation_oracle_catches_payment_drift	false
live-dps	prro	prro::invariant_fuzzer	oracle::tests::z_aggregation_oracle_catches_tax_drift	false
live-dps	prro	prro::invariant_fuzzer	p01g_operator_accepted_after_restart_seed_advance_must_match_the_model	false
live-dps	prro	prro::invariant_fuzzer	peer_axis_records_a_mismatch_when_the_peer_is_off_chain	false
live-dps	prro	prro::invariant_fuzzer	peer_axis_tracks_the_chain_on_an_agreeing_run	false
live-dps	prro	prro::invariant_fuzzer	phase_b_derived_minus12_punishes_a_wrong_reseed_then_the_corroborated_one_converges	false
live-dps	prro	prro::invariant_fuzzer	phase_c1_offline_hold_the_peer_took_is_a_fork_with_no_exit	false
live-dps	prro	prro::invariant_fuzzer	phase_c1_the_no_exit_completion_is_generated_and_the_oracles_hold	false
live-dps	prro	prro::invariant_fuzzer	phase_c2_a_not_took_hold_keeps_both_chains_in_step	false
live-dps	prro	prro::invariant_fuzzer	phase_c2_b_took_hold_diverges_and_a_correct_operator_claim_converges	false
live-dps	prro	prro::invariant_fuzzer	phase_c2_c_model_still_names_the_peer_after_a_held_drain	false
live-dps	prro	prro::invariant_fuzzer	phase_c2_d_model_and_harness_peers_agree_across_a_held_drain	false
live-dps	prro	prro::invariant_fuzzer	phase_c2_e_crash_send_names_the_peer_instead_of_going_blind	false
live-dps	prro	prro::invariant_fuzzer	phase_c_a_wrong_operator_claim_earns_the_derived_minus12_and_recovers	false
live-dps	prro	prro::invariant_fuzzer	phase_c_crash_at_kvt1_is_an_advance_advance_and_stays_in_step	false
live-dps	prro	prro::invariant_fuzzer	phase_c_not_accepted_offline_rewind_lands_the_model_on_the_real_tip	false
live-dps	prro	prro::invariant_fuzzer	phase_d_a_granted_replenish_heals_the_ambiguous_fork	false
live-dps	prro	prro::invariant_fuzzer	phase_d_ambiguous_t112_strands_us_behind_and_the_named_seed_recovers	false
live-dps	prro	prro::invariant_fuzzer	phase_d_model_and_harness_agree_across_an_ambiguous_replenish	false
live-dps	prro	prro::invariant_fuzzer	phase_d_model_names_a_fresh_peer_tip_per_ambiguous_replenish	false
live-dps	prro	prro::invariant_fuzzer	phase_d_the_fenced_replenish_never_reaches_dps_so_the_chains_stay_together	false
live-dps	prro	prro::invariant_fuzzer	regression_6hl_operator_release_brings_the_cash_leg_into_the_drawer	false
live-dps	prro	prro::invariant_fuzzer	regression_offline_shiftopen_resets_cash_on_hand	false
live-dps	prro	prro::invariant_fuzzer	release_witness_accepted_clears_fence_and_stop	false
live-dps	prro	prro::invariant_fuzzer	released_witness_refuses_origin_contradicting_completion	false
live-dps	prro	prro::invariant_fuzzer	replenish_refused_after_crash_at_send	false
live-dps	prro	prro::invariant_fuzzer	rmr_tombstone_blocks_fiscal_shift_z_and_recovery_reentry	false
live-dps	prro	prro::invariant_fuzzer	scan_gate_suppresses_going_online_transient_then_clean_on_settle	false
live-dps	prro	prro::invariant_fuzzer	scan_skips_mid_crash_sending_transient	false
live-dps	prro	prro::invariant_fuzzer	shrinking_reduces_a_forced_failure_to_minimal	false
live-dps	prro	prro::invariant_fuzzer	superseded_durable_class_is_transient_retry_not_wrapperbug	false
live-dps	prro	prro::invariant_fuzzer	superseded_held_witness_reds_if_prod_persists_wrapperbug_overlay	false
live-dps	prro	prro::invariant_fuzzer	teeth_6hl_adopt_rescopes_cash_legs_to_the_real_open_shift	false
live-dps	prro	prro::invariant_fuzzer	teeth_6hl_turnover_matches_prod_counted_in_turnover	false
live-dps	prro	prro::invariant_fuzzer	teeth_aud_k8_1_rmr_redrive_makes_no_new_wire_call	false
live-dps	prro	prro::invariant_fuzzer	teeth_b10_reverted_begin_chain_reddens_ledger_delta	false
live-dps	prro	prro::invariant_fuzzer	teeth_cross_shift_cash_carry_epz_after_z_reopen	false
live-dps	prro	prro::invariant_fuzzer	teeth_d1_gapless_reissue_not_flagged	false
live-dps	prro	prro::invariant_fuzzer	teeth_d1_next_lnd_predicts_db	false
live-dps	prro	prro::invariant_fuzzer	teeth_d2_mid_transition_deferral_not_flagged	false
live-dps	prro	prro::invariant_fuzzer	teeth_d2_predicted_shift_matches_db	false
live-dps	prro	prro::invariant_fuzzer	teeth_d3_forked_set_matches_prod_const	false
live-dps	prro	prro::invariant_fuzzer	teeth_d3_membership_semantics_unchanged	false
live-dps	prro	prro::invariant_fuzzer	teeth_d4_normal_online_sell_not_subject_to_bound	false
live-dps	prro	prro::invariant_fuzzer	teeth_d4_single_recovery_reentry_not_flagged	false
live-dps	prro	prro::invariant_fuzzer	teeth_d5_mac_recovery_drain_still_deferred_not_flagged	false
live-dps	prro	prro::invariant_fuzzer	teeth_d5_send_ack_notfound_drain_predicts_sent_held	false
live-dps	prro	prro::invariant_fuzzer	teeth_d5_shift_doc_superseded_resolved	false
live-dps	prro	prro::invariant_fuzzer	teeth_d5_superseded_drain_predicts_error_retryable_rmr	false
live-dps	prro	prro::invariant_fuzzer	teeth_d7_online_advance_matches_prod_is_issued	false
live-dps	prro	prro::invariant_fuzzer	teeth_epz_guard_3c_over_drawer_refused	false
live-dps	prro	prro::invariant_fuzzer	teeth_epz_z_quiescence_blocks_close	false
live-dps	prro	prro::invariant_fuzzer	teeth_l5_g1_cash_over_cap_refused_pre_inbox	false
live-dps	prro	prro::invariant_fuzzer	teeth_l5_g2_zero_price_line_refused_pre_inbox	false
live-dps	prro	prro::invariant_fuzzer	teeth_l5_g3_zero_payment_amount_refused_pre_inbox	false
live-dps	prro	prro::invariant_fuzzer	teeth_l5_g4_underpayment_refused_pre_inbox	false
live-dps	prro	prro::invariant_fuzzer	teeth_o1_legit_sent_hold_not_flagged	false
live-dps	prro	prro::invariant_fuzzer	teeth_o1_online_convergence_drives_sent_to_ack	false
live-dps	prro	prro::invariant_fuzzer	teeth_o2_crash_completed_sell_matches_prediction	false
live-dps	prro	prro::invariant_fuzzer	teeth_o2_run_harness_catches_crash_completed_sell_divergence	false
live-dps	prro	prro::invariant_fuzzer	teeth_o3_clean_payload_hash_matches	false
live-dps	prro	prro::invariant_fuzzer	teeth_o3_corrupted_stored_hash_flagged	false
live-dps	prro	prro::invariant_fuzzer	teeth_o5_artifact_excuses_deferred_sending	false
live-dps	prro	prro::invariant_fuzzer	teeth_o5_artifact_flags_non_stuck_sending	false
live-dps	prro	prro::invariant_fuzzer	teeth_offline_begin_interposition_in_refused_op_is_structurally_oracle_checked	false
live-dps	prro	prro::invariant_fuzzer	teeth_p1_boot_resume_codepool_aborts	false
live-dps	prro	prro::invariant_fuzzer	teeth_shift_state_oracle_catches_drift	false
live-dps	prro	prro::invariant_fuzzer	teeth_x2_multiple_active_sessions_flagged	false
live-dps	prro	prro::invariant_fuzzer	teeth_x2_single_active_session_not_flagged	false
live-dps	prro	prro::invariant_fuzzer	teeth_x_report_side_effect_free_and_snapshots_model	false
live-dps	prro	prro::invariant_fuzzer	z_aggregation_oracle_checks_taxable_sell_return_turnover	false
live-dps	prro	prro::invariant_scan	aborted_doc_does_not_trip_chain_walk	false
live-dps	prro	prro::invariant_scan	clean_consistent_ledger_scans_clean	false
live-dps	prro	prro::invariant_scan	clean_consistent_shift_state_mirror	false
live-dps	prro	prro::invariant_scan	clean_empty_db_scans_clean	false
live-dps	prro	prro::invariant_scan	clean_error_inbox_with_non_accepted_doc	false
live-dps	prro	prro::invariant_scan	clean_error_retryable_offline_doc_mid_drain_scans_clean	false
live-dps	prro	prro::invariant_scan	clean_healthy_olpd_shift_with_ola_anchor_not_flagged	false
live-dps	prro	prro::invariant_scan	clean_null_current_shift_id_no_mirror_drift	false
live-dps	prro	prro::invariant_scan	clean_offline_drained_ack_scans_clean	false
live-dps	prro	prro::invariant_scan	clean_online_issued_resting_at_sent_scans_clean	false
live-dps	prro	prro::invariant_scan	d3_backstop_does_not_flag_offline_issued_lane_without_sfn	false
live-dps	prro	prro::invariant_scan	detects_ack_without_kvt1_raw	false
live-dps	prro	prro::invariant_scan	detects_ack_without_server_fiscal_no	false
live-dps	prro	prro::invariant_scan	detects_chain_break	false
live-dps	prro	prro::invariant_scan	detects_chain_seed_mismatch	false
live-dps	prro	prro::invariant_scan	detects_duplicate_lnd	false
live-dps	prro	prro::invariant_scan	detects_duplicate_offline_fiscal_no	false
live-dps	prro	prro::invariant_scan	detects_error_inbox_with_accepted_doc	false
live-dps	prro	prro::invariant_scan	detects_half_consumed_offline_code	false
live-dps	prro	prro::invariant_scan	detects_offline_origin_without_session	false
live-dps	prro	prro::invariant_scan	detects_online_sent_without_server_fiscal_no	false
live-dps	prro	prro::invariant_scan	detects_orphaned_clpd_shift_with_aborted_z_report	false
live-dps	prro	prro::invariant_scan	detects_orphaned_olpd_shift_with_aborted_shift_open	false
live-dps	prro	prro::invariant_scan	detects_rejected_inbox_with_accepted_doc	false
live-dps	prro	prro::invariant_scan	detects_shift_state_mirror_drift	false
live-dps	prro	prro::invariant_scan	detects_stuck_non_terminal_pre_send_doc	false
live-dps	prro	prro::invariant_scan	detects_stuck_sending	false
live-dps	prro	prro::invariant_scan	detects_unbacked_offline_fiscal_no	false
live-dps	prro	prro::invariant_scan	m2_n2b_rejected_offline_origin_predecessor_scans_clean	false
live-dps	prro	prro::invariant_scan	model_db_access_is_funneled_through_tagged_wrappers	false
live-dps	prro	prro::invariant_scan	stuck_non_terminal_excludes_legit_resting_states	false
live-dps	prro	prro::invariant_scan_chain_superseded	active_tip_genesis_superseded_recovers_none	false
live-dps	prro	prro::invariant_scan_chain_superseded	active_tip_newer_issued_overrides_marker	false
live-dps	prro	prro::invariant_scan_chain_superseded	active_tip_normal_predecessor_doc	false
live-dps	prro	prro::invariant_scan_chain_superseded	active_tip_recovers_t112_non_doc_rewind_target	false
live-dps	prro	prro::invariant_scan_chain_superseded	active_tip_repeat_rewind_two_markers	false
live-dps	prro	prro::invariant_scan_chain_superseded	active_tip_skips_signed_crash_artifact_above_tip	false
live-dps	prro	prro::invariant_scan_chain_superseded	cohort_cancel_marked_state_scans_clean	false
live-dps	prro	prro::invariant_scan_chain_superseded	corrupt_cancelled_subchain_still_breaks	false
live-dps	prro	prro::invariant_scan_chain_superseded	live_issued_doc_above_rewound_seed_is_flagged	false
live-dps	prro	prro::invariant_scan_chain_superseded	nested_rewind_two_superseded_docs_scans_clean	false
live-dps	prro	prro::invariant_scan_chain_superseded	scan_flags_active_doc_forked_off_stale_predecessor	false
live-dps	prro	prro::invariant_scan_chain_superseded	scan_reanchors_active_expected_to_rewind_target_nondoc	false
live-dps	prro	prro::invariant_scan_chain_superseded	unmarked_rmr_held_doc_is_not_excused	false
live-dps	prro	prro::k3y_operator_completion_shift_projection	k3y_a_operator_accepted_shift_open_commits_the_forward_shift_edge	false
live-dps	prro	prro::k3y_operator_completion_shift_projection	k3y_b_boot_must_not_orphan_a_shift_whose_open_document_is_issued	false
live-dps	prro	prro::kill_point_matrix	boot_kvt2_chain_seed_mismatch_closed_shift_no_abort	false
live-dps	prro	prro::kill_point_matrix	boot_kvt2_chain_seed_mismatch_escalates_manual	false
live-dps	prro	prro::kill_point_matrix	boot_skips_rmr_but_online_fn_no_redrive	false
live-dps	prro	prro::kill_point_matrix	drain_kvt1_reentry_superseded_escalates_manual	false
live-dps	prro	prro::kill_point_matrix	drain_superseded_on_nonescalatable_shift_fails_loud_not_busyloop	false
live-dps	prro	prro::kill_point_matrix	k1_prepared_boot_redrives_to_sent_exactly_once	false
live-dps	prro	prro::kill_point_matrix	k2_signed_boot_redrives_to_sent_exactly_once	false
live-dps	prro	prro::kill_point_matrix	k3_sending_committed_resumes_to_error_retryable_without_resend	false
live-dps	prro	prro::kill_point_matrix	k4_sent_committed_probe_holds_at_kvt1	false
live-dps	prro	prro::kill_point_matrix	k4b_sent_probe_matching_id_empty_data_sign_holds_at_sent	false
live-dps	prro	prro::kill_point_matrix	k5_kvt2_committed_finalizes_to_ack	false
live-dps	prro	prro::kill_point_matrix	k6_offline_local_ack_drains_to_ack	false
live-dps	prro	prro::kill_point_matrix	k7_sent_probe_alloc_orphan_is_benign_after_m1_04	false
live-dps	prro	prro::kill_point_matrix	k8_halted_strict_drain_is_idempotent_under_retick	false
live-dps	prro	prro::kill_point_matrix	k9_offline_seed_survives_restart_chain_not_forked	false
live-dps	prro	prro::kill_point_matrix	m1_02_online_seed_fork_a24_prerequisite	false
live-dps	prro	prro::kill_point_matrix	m1_02_reachability_second_sell_while_first_rests_sent	false
live-dps	prro	prro::kill_point_matrix	m2_n1_three_real_offline_sells_strict_drain_halts_on_reject	false
live-dps	prro	prro::kill_point_matrix	m2_online_offline_boundary_chain_continuous	false
live-dps	prro	prro::kill_point_matrix	m2_two_offline_receipts_real_chain_drains_both_to_ack	false
live-dps	prro	prro::kill_point_matrix	m2x1_mac_recovery_refuses_offline_origin_doc	false
live-dps	prro	prro::l0_l1_cash_ledger	pin_l0_aggregate_excludes_card	false
live-dps	prro	prro::l0_l1_cash_ledger	pin_l0_aggregate_mixed_receipt	false
live-dps	prro	prro::l0_l1_cash_ledger	pin_l0_aggregate_shift_cash_two_sells	false
live-dps	prro	prro::l0_l1_cash_ledger	pin_l0_boot_reconcile_detects_drift	false
live-dps	prro	prro::l0_l1_cash_ledger	pin_l0_carry_across_shifts	false
live-dps	prro	prro::l0_l1_cash_ledger	pin_l0_cash_return_subtracts	false
live-dps	prro	prro::l0_l1_cash_ledger	pin_l0_cash_sales_sum	false
live-dps	prro	prro::l0_l1_cash_ledger	pin_l0_empty_shift_zero	false
live-dps	prro	prro::l0_l1_cash_ledger	pin_l0_mixed_receipt	false
live-dps	prro	prro::l0_l1_cash_ledger	pin_l0_noncash_excluded	false
live-dps	prro	prro::l0_l1_cash_ledger	pin_l1_exact_zero_ok	false
live-dps	prro	prro::l0_l1_cash_ledger	pin_l1_noncash_return_not_gated	false
live-dps	prro	prro::l0_l1_cash_ledger	pin_l1_return_over_empty_drawer_refused	false
live-dps	prro	prro::l0_l1_cash_ledger	pin_l1_return_within_balance_ok	false
live-dps	prro	prro::l0_l1_cash_ledger	pin_l1_teeth_revert_guard	false
live-dps	prro	prro::l3_service_io	pin_derive_cash_on_hand_with_service_terms	false
live-dps	prro	prro::l3_service_io	pin_epz_still_closed	false
live-dps	prro	prro::l3_service_io	pin_service_in_issues_and_counts	false
live-dps	prro	prro::l3_service_io	pin_service_out_in_lease_toctou	false
live-dps	prro	prro::l3_service_io	pin_service_out_issues_and_counts	false
live-dps	prro	prro::l3_service_io	pin_service_out_over_drawer_refused_pre_inbox	false
live-dps	prro	prro::l3_service_io	pin_service_out_teeth	false
live-dps	prro	prro::l3_service_io	pin_stop_s2_coupling	false
live-dps	prro	prro::l3_service_io	pin_z_carries_io_section	false
live-dps	prro	prro::l5_input_guards	g1_cash_at_cap_boundary_ok	false
live-dps	prro	prro::l5_input_guards	g1_cash_over_cap_refused_pre_inbox	false
live-dps	prro	prro::l5_input_guards	g2_zero_price_line_refused_pre_inbox	false
live-dps	prro	prro::l5_input_guards	g3_zero_payment_amount_refused_pre_inbox	false
live-dps	prro	prro::l5_input_guards	g4_empty_payments_not_gated	false
live-dps	prro	prro::l5_input_guards	g4_exact_payment_ok	false
live-dps	prro	prro::l5_input_guards	g4_underpayment_refused_pre_inbox	false
live-dps	prro	prro::l6_xreport	pin_x_report_bimodal_offline	false
live-dps	prro	prro::l6_xreport	pin_x_report_no_open_shift	false
live-dps	prro	prro::l6_xreport	pin_x_report_positive	false
live-dps	prro	prro::l6_xreport	pin_x_report_side_effect_free	false
live-dps	prro	prro::listener_config_parse	config_parses_three_listeners_with_distinct_fn_per_port	false
live-dps	prro	prro::listener_config_parse	config_rejects_unknown_listener_kind_at_parse_time	false
live-dps	prro	prro::listener_config_parse	config_without_listeners_section_defaults_to_empty_vec	false
live-dps	prro	prro::listener_context_stamping	driver_id_rejects_whitespace_only_string	false
live-dps	prro	prro::listener_context_stamping	driver_id_trims_surrounding_whitespace	false
live-dps	prro	prro::listener_context_stamping	driver_id_validates_empty_string	false
live-dps	prro	prro::listener_context_stamping	driver_id_validates_max_length	false
live-dps	prro	prro::listener_context_stamping	listener_context_stamps_driver_id_on_canonical_command	false
live-dps	prro	prro::listener_context_stamping	listener_fn_mismatch_returns_typed_error_before_mapping	false
live-dps	prro	prro::listener_context_stamping	plain_mapper_leaves_driver_id_none	false
live-dps	prro	prro::live_capture_ambiguous_t112	live_capture_ambiguous_t112_connection_kill	true
live-dps	prro	prro::live_dps_extended_smoke	host_of_isolates_authority_and_blocks_prod_tricks	false
live-dps	prro	prro::live_dps_extended_smoke	live_probe_webcheck_exact_begin	true
live-dps	prro	prro::live_dps_extended_smoke	live_recover_close_dangling_offline_session	true
live-dps	prro	prro::live_dps_extended_smoke	live_recover_close_open_shift	true
live-dps	prro	prro::live_dps_extended_smoke	live_smoke_1_connect_probe	true
live-dps	prro	prro::live_dps_extended_smoke	live_smoke_2_last_chk_real	true
live-dps	prro	prro::live_dps_extended_smoke	live_smoke_3_mac_seed	true
live-dps	prro	prro::live_dps_extended_smoke	live_smoke_4_extended_sell_native_sign	true
live-dps	prro	prro::live_dps_extended_smoke	live_smoke_5a_status_probe	true
live-dps	prro	prro::live_dps_extended_smoke	live_smoke_5b_shift_open	true
live-dps	prro	prro::live_dps_extended_smoke	live_smoke_6_extended_sell	true
live-dps	prro	prro::live_dps_extended_smoke	live_smoke_7_z_report	true
live-dps	prro	prro::live_dps_extended_smoke	live_smoke_8_ask_offline_codes	true
live-dps	prro	prro::live_dps_extended_smoke	live_smoke_9_offline_drain_mac_id	true
live-dps	prro	prro::live_smoke_w12_hardening	live_smoke_a0_dps_connect_only_handshake	true
live-dps	prro	prro::live_smoke_w12_hardening	live_smoke_a_dps_reachability_ping	true
live-dps	prro	prro::live_smoke_w12_hardening	live_smoke_b_kvt1_reentry_by_server_fiscal_no_typed_response	true
live-dps	prro	prro::mac_recovery_orchestrator	run_mac_recovery_counter_already_burnt_returns_counter_exhausted	false
live-dps	prro	prro::mac_recovery_orchestrator	run_mac_recovery_happy_resigned_persists_atomic_four_write	false
live-dps	prro	prro::mac_recovery_orchestrator	run_mac_recovery_hash_not_extractable_emits_audit_no_state_change	false
live-dps	prro	prro::mac_recovery_orchestrator	run_mac_recovery_pre_persist_assertion_rolls_back_typed_error	false
live-dps	prro	prro::mark_rejected_if_new	mark_done_returns_false_state_untouched	false
live-dps	prro	prro::mark_rejected_if_new	mark_missing_row_returns_false	false
live-dps	prro	prro::mark_rejected_if_new	mark_new_returns_true_and_flips_to_rejected	false
live-dps	prro	prro::mark_rejected_if_new	mark_processing_returns_false_state_untouched	false
live-dps	prro	prro::mark_rejected_if_new	mark_twice_idempotent	false
live-dps	prro	prro::mcc_nc03_adjudication	mcc_valid_macreseed_seed_is_ledger_derivable_and_survives_nc03	false
live-dps	prro	prro::migration_010_transport_trace	allocate_then_complete_round_trip	false
live-dps	prro	prro::migration_010_transport_trace	attempts_used_counts_sends_only_not_probes	false
live-dps	prro	prro::migration_010_transport_trace	attempts_used_multi_doc_returns_target_max_only	false
live-dps	prro	prro::migration_010_transport_trace	attempts_used_three_rows_returns_three	false
live-dps	prro	prro::migration_010_transport_trace	attempts_used_zero_rows_returns_zero	false
live-dps	prro	prro::migration_010_transport_trace	fiscal_documents_cascade_drops_trace_rows	false
live-dps	prro	prro::migration_010_transport_trace	migration_010_creates_table_and_indexes	false
live-dps	prro	prro::migration_010_transport_trace	ok_outcome_without_server_fiscal_no_is_rejected	false
live-dps	prro	prro::migration_010_transport_trace	partial_completion_check_rejects_mid_state_row	false
live-dps	prro	prro::migration_010_transport_trace	partial_index_unfinished_is_queryable	false
live-dps	prro	prro::migration_010_transport_trace	recovery_completes_inflight_row_with_probe_wire_times	false
live-dps	prro	prro::migration_010_transport_trace	recovery_on_already_completed_returns_zero_rows_affected	false
live-dps	prro	prro::migration_010_transport_trace	recovery_on_missing_row_returns_zero_rows_affected	false
live-dps	prro	prro::migration_010_transport_trace	second_completion_is_noop_first_outcome_preserved	false
live-dps	prro	prro::migration_011_outbox	enqueue_document_tx_inserts_with_defaults	false
live-dps	prro	prro::migration_011_outbox	enqueue_twice_for_same_doc_violates_pk	false
live-dps	prro	prro::migration_011_outbox	fk_restrict_blocks_doc_delete_with_pending_outbox	false
live-dps	prro	prro::migration_011_outbox	get_for_document_returns_none_for_missing_row	false
live-dps	prro	prro::migration_011_outbox	migration_011_creates_table_and_indexes	false
live-dps	prro	prro::migration_011_outbox	pending_partial_index_filters_published_rows	false
live-dps	prro	prro::migration_011_outbox	published_status_without_published_at_violates_check	false
live-dps	prro	prro::migration_011_outbox	unknown_status_violates_check	false
live-dps	prro	prro::migration_013_mac_recovery	mac_recovery_attempts_check_rejects_value_2	false
live-dps	prro	prro::migration_013_mac_recovery	mac_recovery_attempts_defaults_to_zero_on_insert	false
live-dps	prro	prro::migration_013_mac_recovery	migration_010_w7_contracts_survive_the_013_rebuild	false
live-dps	prro	prro::migration_013_mac_recovery	outcome_kind_check_accepts_retryable_mac_hash_mismatch	false
live-dps	prro	prro::migration_016_shift_state_expansion	migration_016_accepts_three_new_shift_states	false
live-dps	prro	prro::migration_016_shift_state_expansion	migration_016_cashier_certs_check_rejects_same_primary_and_deferred	false
live-dps	prro	prro::migration_016_shift_state_expansion	migration_016_cashier_certs_composite_fk_rejects_cross_fn_binding	false
live-dps	prro	prro::migration_016_shift_state_expansion	migration_016_cashier_certs_deferred_ski_unique_across_bindings	false
live-dps	prro	prro::migration_016_shift_state_expansion	migration_016_cashier_certs_table_accepts_primary_and_deferred	false
live-dps	prro	prro::migration_016_shift_state_expansion	migration_016_node_state_check_accepts_nine_values	false
live-dps	prro	prro::migration_016_shift_state_expansion	migration_016_preserves_existing_six_shift_states	false
live-dps	prro	prro::migration_016_shift_state_expansion	migration_016_rejects_bogus_shift_state	false
live-dps	prro	prro::migration_016_shift_state_expansion	migration_016_shifts_has_new_cashier_columns	false
live-dps	prro	prro::migration_016_shift_state_expansion	migration_016_triggers_preserved_post_rebuild	false
live-dps	prro	prro::migration_017_signed_by_cashier_id	migration_017_fresh_apply_adds_nullable_signed_by_cashier_id_column	false
live-dps	prro	prro::migration_017_signed_by_cashier_id	migration_017_runner_rerun_is_noop_via_recorded_checksum	false
live-dps	prro	prro::migration_020_fk_constraint	accepts_valid_ten_digit_fiscal_number	false
live-dps	prro	prro::migration_020_fk_constraint	rejects_eleven_digit_fiscal_number	false
live-dps	prro	prro::migration_020_fk_constraint	rejects_fiscal_number_with_letter_in_middle	false
live-dps	prro	prro::migration_020_fk_constraint	rejects_is_active_value_outside_zero_one	false
live-dps	prro	prro::migration_020_fk_constraint	rejects_nine_digit_fiscal_number	false
live-dps	prro	prro::migration_020_fk_constraint	rejects_non_numeric_fiscal_number	false
live-dps	prro	prro::migration_020_operators	migration_020_creates_operators_table_with_expected_columns	false
live-dps	prro	prro::migration_020_operators	migration_020_creates_partial_active_unique_index	false
live-dps	prro	prro::migration_020_operators	migration_020_recorded_with_version_20_in_sqlx_migrations	false
live-dps	prro	prro::migration_021_w4_z0_config_tables	migration_021_creates_driver_tax_mapping_table	false
live-dps	prro	prro::migration_021_w4_z0_config_tables	migration_021_creates_fn_integration_flags_table	false
live-dps	prro	prro::migration_021_w4_z0_config_tables	migration_021_creates_fn_outgress_profile_table	false
live-dps	prro	prro::migration_021_w4_z0_config_tables	migration_021_creates_payment_methods_partial_unique_name_index	false
live-dps	prro	prro::migration_021_w4_z0_config_tables	migration_021_creates_payment_methods_table	false
live-dps	prro	prro::migration_021_w4_z0_config_tables	migration_021_creates_tax_groups_partial_unique_letter_index	false
live-dps	prro	prro::migration_021_w4_z0_config_tables	migration_021_creates_tax_groups_table	false
live-dps	prro	prro::migration_021_w4_z0_config_tables	migration_021_fn_outgress_profile_enforces_profile_check	false
live-dps	prro	prro::migration_021_w4_z0_config_tables	migration_021_recorded_with_version_21_in_sqlx_migrations	false
live-dps	prro	prro::migration_021_w4_z0_config_tables	migration_021_tax_groups_enforces_txal_range	false
live-dps	prro	prro::migration_027_boundary_assert	clean_db_passes_migration_027	false
live-dps	prro	prro::migration_027_boundary_assert	hazard_row_aborts_migration_027	false
live-dps	prro	prro::migration_027_boundary_assert	hazard_row_non_ack_states_abort_migration_027	false
live-dps	prro	prro::migration_027_boundary_assert	legit_post_a3_sent_doc_not_reflagged_on_remigrate	false
live-dps	prro	prro::migration_032_delivery_reservation	a01_delete_rejected_append_only	false
live-dps	prro	prro::migration_032_delivery_reservation	a02_insert_or_replace_by_reservation_id_rejected_no_eviction	false
live-dps	prro	prro::migration_032_delivery_reservation	a03_insert_or_replace_by_doc_attempt_rejected	false
live-dps	prro	prro::migration_032_delivery_reservation	a04_insert_or_replace_evicting_active_fn_rejected	false
live-dps	prro	prro::migration_032_delivery_reservation	a05_insert_or_ignore_and_upsert_rejected	false
live-dps	prro	prro::migration_032_delivery_reservation	apply_orchestration_references_only_the_apply_subset	false
live-dps	prro	prro::migration_032_delivery_reservation	b01_submitted_unknown_no_response_transient_retry_accepted	false
live-dps	prro	prro::migration_032_delivery_reservation	boot_pass_references_only_the_sanctioned_read_apply_subset	false
live-dps	prro	prro::migration_032_delivery_reservation	c01_fk_mismatch_doc_fn_a_under_fence_fn_b_rejected	false
live-dps	prro	prro::migration_032_delivery_reservation	c02_parent_delete_blocked_while_referenced	false
live-dps	prro	prro::migration_032_delivery_reservation	f01_second_reservation_blocked_while_rns	false
live-dps	prro	prro::migration_032_delivery_reservation	f02_second_reservation_blocked_after_submitted_unknown	false
live-dps	prro	prro::migration_032_delivery_reservation	f03_second_reservation_blocked_after_submitted_with_routing	false
live-dps	prro	prro::migration_032_delivery_reservation	f04_second_reservation_accepted_after_clean_accept	false
live-dps	prro	prro::migration_032_delivery_reservation	f05_second_reservation_accepted_after_not_submitted	false
live-dps	prro	prro::migration_032_delivery_reservation	i01_settled_routing_null_to_terminalreject_rejected	false
live-dps	prro	prro::migration_032_delivery_reservation	i02_binding_mutation_rejected	false
live-dps	prro	prro::migration_032_delivery_reservation	i03_identity_mutation_rejected	false
live-dps	prro	prro::migration_032_delivery_reservation	i04_remote_correlation_id_mutation_after_oo_rejected	false
live-dps	prro	prro::migration_032_delivery_reservation	n01_sequential_attempts_increment_after_cancel	false
live-dps	prro	prro::migration_032_delivery_reservation	p01_upgrade_on_nonempty_db_sqlite_master_diff	false
live-dps	prro	prro::migration_032_delivery_reservation	p02_normal_fiscalisation_leaves_reservation_empty	false
live-dps	prro	prro::migration_032_delivery_reservation	p03_bite_cfg_not_test_call_is_flagged	false
live-dps	prro	prro::migration_032_delivery_reservation	p03_bite_cfg_test_insert_is_not_flagged	false
live-dps	prro	prro::migration_032_delivery_reservation	p03_bite_production_complete_operator_pending_is_not_flagged	false
live-dps	prro	prro::migration_032_delivery_reservation	p03_bite_production_fn_fence_active_tx_is_not_flagged	false
live-dps	prro	prro::migration_032_delivery_reservation	p03_bite_production_qualified_insert_is_flagged	false
live-dps	prro	prro::migration_032_delivery_reservation	p03_bite_production_record_outcome_call_is_flagged	false
live-dps	prro	prro::migration_032_delivery_reservation	p03_bite_use_import_of_lifecycle_symbol_is_flagged	false
live-dps	prro	prro::migration_032_delivery_reservation	p03_no_production_caller_static_pin	false
live-dps	prro	prro::migration_032_delivery_reservation	s01_migration_creates_table_indexes_triggers	false
live-dps	prro	prro::migration_032_delivery_reservation	s02_column_set_matches_ddl	false
live-dps	prro	prro::migration_032_delivery_reservation	s03_insert_roundtrip_and_defaults	false
live-dps	prro	prro::migration_032_delivery_reservation	s04_check_bad_state_rejected	false
live-dps	prro	prro::migration_032_delivery_reservation	s05_check_attempt_no_ge_1	false
live-dps	prro	prro::migration_032_delivery_reservation	s06_check_reservation_id_length	false
live-dps	prro	prro::migration_032_delivery_reservation	s07_check_envelope_hash_length	false
live-dps	prro	prro::migration_032_delivery_reservation	s08_check_bad_protocol_and_version_floors	false
live-dps	prro	prro::migration_032_delivery_reservation	s09_check_negative_optional_versions_rejected	false
live-dps	prro	prro::migration_032_delivery_reservation	s10_check_remote_correlation_id_null_pre_oo	false
live-dps	prro	prro::migration_032_delivery_reservation	s11_check_insert_must_be_rns_trigger	false
live-dps	prro	prro::migration_032_delivery_reservation	s12_matrix_rns_must_have_null_outcome_fields	false
live-dps	prro	prro::migration_032_delivery_reservation	s13_matrix_not_submitted_requires_no_call_and_no_response	false
live-dps	prro	prro::migration_032_delivery_reservation	s14_matrix_submitted_requires_parsed_envelope	false
live-dps	prro	prro::migration_032_delivery_reservation	s15_matrix_submitted_unknown_requires_call_started	false
live-dps	prro	prro::migration_032_delivery_reservation	s16_matrix_response_derived_class_needs_parsed_envelope	false
live-dps	prro	prro::migration_032_delivery_reservation	s17_matrix_drainchain_requires_submitted_parsed	false
live-dps	prro	prro::migration_032_delivery_reservation	s18_matrix_oo_requires_certainty_and_provenance	false
live-dps	prro	prro::migration_032_delivery_reservation	stage_send_references_only_the_authorize_record_subset	false
live-dps	prro	prro::migration_032_delivery_reservation	t01_rn_cs_oo_happy_path_ok	false
live-dps	prro	prro::migration_032_delivery_reservation	t02_rn_oo_not_submitted_clears_marker_ok	false
live-dps	prro	prro::migration_032_delivery_reservation	t03_rn_to_oo_submitted_rejected	false
live-dps	prro	prro::migration_032_delivery_reservation	t04_cs_to_rn_rejected	false
live-dps	prro	prro::migration_032_delivery_reservation	t05_rn_cs_oo_submitted_unknown_ok_and_fences	false
live-dps	prro	prro::migration_033_dr_activation_schema	ag01_authorized_generation_column_exists_nullable	false
live-dps	prro	prro::migration_033_dr_activation_schema	ag02_authorized_generation_check_rejects_zero	false
live-dps	prro	prro::migration_033_dr_activation_schema	ag03_authorized_generation_check_rejects_negative	false
live-dps	prro	prro::migration_033_dr_activation_schema	ag04_authorized_generation_accepts_positive_at_call_started	false
live-dps	prro	prro::migration_033_dr_activation_schema	ag05_authorized_generation_immutable_once_set	false
live-dps	prro	prro::migration_033_dr_activation_schema	ag06_authorized_generation_cannot_be_cleared_once_set	false
live-dps	prro	prro::migration_033_dr_activation_schema	as01_apply_state_column_exists_null_at_insert	false
live-dps	prro	prro::migration_033_dr_activation_schema	as02_apply_state_check_rejects_bad_value	false
live-dps	prro	prro::migration_033_dr_activation_schema	as03_apply_state_legal_null_to_pending_apply	false
live-dps	prro	prro::migration_033_dr_activation_schema	as04_apply_state_legal_pending_apply_to_applied	false
live-dps	prro	prro::migration_033_dr_activation_schema	as05_apply_state_illegal_null_to_applied_jump	false
live-dps	prro	prro::migration_033_dr_activation_schema	as06_apply_state_illegal_applied_to_pending_apply_regress	false
live-dps	prro	prro::migration_033_dr_activation_schema	as07_apply_state_illegal_applied_to_null_regress	false
live-dps	prro	prro::migration_033_dr_activation_schema	as08_apply_state_illegal_pending_apply_to_null_regress	false
live-dps	prro	prro::migration_033_dr_activation_schema	fg01_fail_fast_guard_sql_rejects_nonempty_table	false
live-dps	prro	prro::migration_033_dr_activation_schema	fg02_fail_fast_guard_sql_accepts_empty_table	false
live-dps	prro	prro::migration_033_dr_activation_schema	lc01_apply_state_cannot_be_set_before_outcome_observed	false
live-dps	prro	prro::migration_033_dr_activation_schema	lc02_node_effect_cannot_be_set_before_outcome_observed	false
live-dps	prro	prro::migration_033_dr_activation_schema	lc03_authorized_generation_cannot_be_set_at_reserved_not_started	false
live-dps	prro	prro::migration_033_dr_activation_schema	ne01_node_effect_column_exists_null_at_insert	false
live-dps	prro	prro::migration_033_dr_activation_schema	ne02_node_effect_check_rejects_bad_value	false
live-dps	prro	prro::migration_033_dr_activation_schema	ne03_node_effect_accepts_all_valid_vocabulary_values	false
live-dps	prro	prro::migration_033_dr_activation_schema	ne04_node_effect_immutable_once_set	false
live-dps	prro	prro::migration_033_dr_activation_schema	ne05_node_effect_cannot_be_cleared_once_set	false
live-dps	prro	prro::migration_033_dr_activation_schema	ns01_delivery_generation_column_exists_with_correct_default	false
live-dps	prro	prro::migration_033_dr_activation_schema	ns02_delivery_generation_pragma_type_and_not_null	false
live-dps	prro	prro::migration_033_dr_activation_schema	ns03_delivery_generation_check_rejects_negative	false
live-dps	prro	prro::migration_033_dr_activation_schema	ns04_active_delivery_reservation_id_column_exists_nullable_blob	false
live-dps	prro	prro::migration_033_dr_activation_schema	ns05_active_delivery_reservation_id_check_rejects_wrong_length	false
live-dps	prro	prro::migration_033_dr_activation_schema	ns06_active_delivery_reservation_id_accepts_null_and_16_bytes	false
live-dps	prro	prro::migration_033_dr_activation_schema	rg01_column_count_is_now_20	false
live-dps	prro	prro::migration_033_dr_activation_schema	rg02_032_triggers_still_present_and_fire	false
live-dps	prro	prro::migration_033_dr_activation_schema	rg03_032_insert_state_trigger_still_fires	false
live-dps	prro	prro::migration_033_dr_activation_schema	rg04_032_append_only_trigger_still_fires	false
live-dps	prro	prro::migration_033_dr_activation_schema	rg05_032_immutable_trigger_still_blocks_binding_mutation	false
live-dps	prro	prro::migration_033_dr_activation_schema	rg06_032_fence_still_blocks_second_reservation_while_rns	false
live-dps	prro	prro::migration_033_dr_activation_schema	rg07_node_state_now_has_delivery_generation_and_pointer_columns	false
live-dps	prro	prro::migration_033_dr_activation_schema	rg08_no_production_caller_static_pin	false
live-dps	prro	prro::migration_034_dr_authority_integrity	h1_01_delivery_generation_decrease_rejected	false
live-dps	prro	prro::migration_034_dr_authority_integrity	h1_02_delivery_generation_decrease_to_zero_rejected	false
live-dps	prro	prro::migration_034_dr_authority_integrity	h1_03_delivery_generation_same_value_rejected	false
live-dps	prro	prro::migration_034_dr_authority_integrity	h1_04_delivery_generation_increase_accepted	false
live-dps	prro	prro::migration_034_dr_authority_integrity	h2_01_cs_without_authorized_generation_rejected	false
live-dps	prro	prro::migration_034_dr_authority_integrity	h2_02_authorized_generation_without_call_started_at_rejected	false
live-dps	prro	prro::migration_034_dr_authority_integrity	h2_03_paired_cs_transition_accepted	false
live-dps	prro	prro::migration_034_dr_authority_integrity	h3_01_oo_with_apply_state_null_rejected	false
live-dps	prro	prro::migration_034_dr_authority_integrity	h3_02_oo_with_node_effect_null_rejected	false
live-dps	prro	prro::migration_034_dr_authority_integrity	h3_03_oo_with_both_null_rejected	false
live-dps	prro	prro::migration_034_dr_authority_integrity	h3_04_oo_with_both_set_accepted	false
live-dps	prro	prro::migration_034_dr_authority_integrity	h3_05_oo_terminal_reject_with_both_set_accepted	false
live-dps	prro	prro::migration_034_dr_authority_integrity	h4_01_clean_accept_with_node_blocked_rejected	false
live-dps	prro	prro::migration_034_dr_authority_integrity	h4_02_clean_accept_with_mac_reseed_pending_rejected	false
live-dps	prro	prro::migration_034_dr_authority_integrity	h4_03_clean_accept_with_no_node_effect_accepted	false
live-dps	prro	prro::migration_034_dr_authority_integrity	h4_04_non_null_routing_class_accepts_node_blocked	false
live-dps	prro	prro::migration_034_dr_authority_integrity	h4_05_submitted_unknown_with_routing_class_and_probe_required_accepted	false
live-dps	prro	prro::migration_034_dr_authority_integrity	rg01_full_lifecycle_rns_cs_oo_pending_applied	false
live-dps	prro	prro::migration_034_dr_authority_integrity	rg02_delivery_generation_advance_sequence	false
live-dps	prro	prro::migration_034_dr_authority_integrity	rg03_034_trigger_names_installed	false
live-dps	prro	prro::migration_034_dr_authority_integrity	rg04_033_triggers_still_present	false
live-dps	prro	prro::migration_035_call_once_and_fence	co01_index_exists	false
live-dps	prro	prro::migration_035_call_once_and_fence	co02_second_reservation_after_call_started_rejected	false
live-dps	prro	prro::migration_035_call_once_and_fence	co03_second_reservation_for_unstarted_doc_after_release_ok	false
live-dps	prro	prro::migration_035_call_once_and_fence	fc01_section_31_predicate_byte_identical_in_index_and_trigger	false
live-dps	prro	prro::migration_035_call_once_and_fence	fn01_pending_apply_holds_applied_releases	false
live-dps	prro	prro::migration_035_call_once_and_fence	fn02_submitted_unknown_no_longer_index_held	false
live-dps	prro	prro::migration_035_call_once_and_fence	ia01_activation_guard_rejects_nonempty_table	false
live-dps	prro	prro::migration_036_evidence_union	ev01_evidence_columns_exist	false
live-dps	prro	prro::migration_036_evidence_union	ev02_evidence_triggers_exist	false
live-dps	prro	prro::migration_036_evidence_union	ev03_valid_accepted_ok_and_stored	false
live-dps	prro	prro::migration_036_evidence_union	ev04_valid_rejected_verify_ok	false
live-dps	prro	prro::migration_036_evidence_union	ev05_valid_noresponse_ok	false
live-dps	prro	prro::migration_036_evidence_union	ev06_optional_absent_evidence_ok	false
live-dps	prro	prro::migration_036_evidence_union	im01_evidence_frozen_after_oo	false
live-dps	prro	prro::migration_036_evidence_union	mx01_all_thirteen_verdicts_map_exactly	false
live-dps	prro	prro::migration_036_evidence_union	tg01_accepted_missing_fiscal_rejected	false
live-dps	prro	prro::migration_036_evidence_union	tg02_accepted_correlation_mismatch_rejected	false
live-dps	prro	prro::migration_036_evidence_union	tg03_rejected_wrong_verdict_routing_rejected	false
live-dps	prro	prro::migration_036_evidence_union	tg04_rejected_unknown_verdict_rejected	false
live-dps	prro	prro::migration_036_evidence_union	tg05_noresponse_bad_cause_rejected	false
live-dps	prro	prro::migration_036_evidence_union	tg06_digest_wrong_length_rejected	false
live-dps	prro	prro::migration_036_evidence_union	tg07_unknown_kind_rejected	false
live-dps	prro	prro::migration_036_evidence_union	tg08_partial_evidence_no_kind_rejected	false
live-dps	prro	prro::migration_036_evidence_union	tg09_evidence_before_oo_rejected	false
live-dps	prro	prro::migration_036_evidence_union	tg10_remote_auth_missing_digest_rejected	false
live-dps	prro	prro::migration_038_unknown_status_probe	fresh_unknown_status_transition_requires_probe_required	false
live-dps	prro	prro::migration_038_unknown_status_probe	pre_038_legacy_oo_row_survives_revalidation_update	false
live-dps	prro	prro::migrations_007_008	doc_state_sending_round_trips_through_sqlx	false
live-dps	prro	prro::migrations_007_008	migration_007_unique_index_blocks_duplicate_fn_lnd	false
live-dps	prro	prro::migrations_007_008	migration_007_unique_index_listed_in_sqlite_master	false
live-dps	prro	prro::migrations_007_008	migration_008_bogus_state_still_rejected_by_check	false
live-dps	prro	prro::migrations_007_008	migration_008_pending_index_where_clause_includes_sending	false
live-dps	prro	prro::migrations_007_008	migration_008_preserves_fiscal_documents_and_document_files	false
live-dps	prro	prro::migrations_007_008	migration_008_sending_state_accepted_by_check	false
live-dps	prro	prro::migrations_apply	migration_001_creates_core_tables	false
live-dps	prro	prro::migrations_apply	migration_001_offline_bounds_check_enforced	false
live-dps	prro	prro::migrations_apply	migration_001_rejects_non_digit_fiscal_number	false
live-dps	prro	prro::migrations_apply	migration_001_rejects_non_digit_vat_payer_inn	false
live-dps	prro	prro::migrations_apply	migration_001_strict_typing_rejects_text_in_int_column	false
live-dps	prro	prro::migrations_apply	migration_002_delete_offline_session_blocked_by_doc_reference	false
live-dps	prro	prro::migrations_apply	migration_002_delete_related_receipt_blocked_by_self_referrer	false
live-dps	prro	prro::migrations_apply	migration_002_fiscal_documents_carries_both_hash_columns	false
live-dps	prro	prro::migrations_apply	migration_002_fiscal_documents_offline_session_fk_enforced	false
live-dps	prro	prro::migrations_apply	migration_002_fiscal_documents_related_receipt_self_fk_enforced	false
live-dps	prro	prro::migrations_apply	migration_002_ingress_inbox_has_unique_idempotency_index	false
live-dps	prro	prro::migrations_apply	migration_003_operator_certs_supports_rolling_refresh	false
live-dps	prro	prro::migrations_apply	migration_003_partial_active_indexes_present	false
live-dps	prro	prro::migrations_apply	migration_003_rejects_non_digit_operator_inn	false
live-dps	prro	prro::migrations_apply	migration_004_offline_and_routing_tables_present	false
live-dps	prro	prro::migrations_apply	migration_004_offline_codes_value_must_be_positive	false
live-dps	prro	prro::migrations_apply	migration_004_transport_profiles_carries_channel_kind_and_test_mode	false
live-dps	prro	prro::migrations_apply	migration_005_at_most_one_active_license	false
live-dps	prro	prro::migrations_apply	migration_005_licenses_carries_required_columns	false
live-dps	prro	prro::migrations_apply	migration_006_ca_endpoints_table_and_seed_present	false
live-dps	prro	prro::migrations_apply	migration_015_consumed_by_document_id_fk_restrict	false
live-dps	prro	prro::migrations_apply	migration_015_consumed_link_uniqueness_and_immutability_trigger	false
live-dps	prro	prro::migrations_apply	migration_015_normalize_apply_fresh_db	false
live-dps	prro	prro::migrations_apply	migration_015_ux_offline_active_rejects_duplicate_active_only	false
live-dps	prro	prro::models_smoke	document_id_monotonic	false
live-dps	prro	prro::models_smoke	document_id_roundtrip_bytes	false
live-dps	prro	prro::models_smoke	enum_as_str_covers_known_variants	false
live-dps	prro	prro::models_smoke	fiscal_mode_roundtrips_through_fn_config_text_column	false
live-dps	prro	prro::models_smoke	shift_id_roundtrips_through_shifts_blob_column	false
live-dps	prro	prro::node_state_mode_setters	set_mode_going_online_tx_accepts_going_offline	false
live-dps	prro	prro::node_state_mode_setters	set_mode_going_online_tx_flips_offline_to_going_online	false
live-dps	prro	prro::node_state_mode_setters	set_mode_going_online_tx_guard_refuses_online	false
live-dps	prro	prro::node_state_mode_setters	set_mode_offline_tx_flips_online_to_offline_leaving_shift_state	false
live-dps	prro	prro::node_state_mode_setters	set_mode_offline_tx_guard_refuses_non_online	false
live-dps	prro	prro::offline_code_replenish	fence_refuses_before_the_wire_so_dps_never_re_bases	false
live-dps	prro	prro::offline_code_replenish	knk_a_replenish_refused_while_an_offline_local_ack_backlog_rests	false
live-dps	prro	prro::offline_code_replenish	knk_b_replenish_refused_while_an_offline_error_retryable_doc_rests	false
live-dps	prro	prro::offline_code_replenish	knk_c_replenish_proceeds_once_the_backlog_is_drained	false
live-dps	prro	prro::offline_code_replenish	knk_d_another_fns_backlog_does_not_block_this_fn	false
live-dps	prro	prro::offline_code_replenish	replenish_acquires_fn_gate	false
live-dps	prro	prro::offline_code_replenish	replenish_advances_chain_seed_to_request_hash	false
live-dps	prro	prro::offline_code_replenish	replenish_dps_call_outside_tx	false
live-dps	prro	prro::offline_code_replenish	replenish_is_idempotent_on_code_overlap	false
live-dps	prro	prro::offline_code_replenish	replenish_persists_opaque_codes_and_assigns_ordinals	false
live-dps	prro	prro::offline_code_replenish	replenish_refused_while_reservation_active_seed_unchanged	false
live-dps	prro	prro::offline_code_replenish	replenish_reject_path_no_persist_no_seed_advance	false
live-dps	prro	prro::offline_code_replenish	replenish_transport_error_no_retry	false
live-dps	prro	prro::offline_codes_dps_code	dps_code_batch_with_partial_dedupe	false
live-dps	prro	prro::offline_codes_dps_code	dps_code_dedupe_is_idempotent	false
live-dps	prro	prro::offline_codes_dps_code	dps_code_empty_slice_is_noop	false
live-dps	prro	prro::offline_codes_dps_code	drill_seed_path_unaffected	false
live-dps	prro	prro::offline_codes_dps_code	migration_028_dps_code_column_exists	false
live-dps	prro	prro::offline_codes_dps_code	migration_028_partial_unique_index_exists	false
live-dps	prro	prro::offline_codes_dps_code	migration_028_two_null_dps_codes_same_fn_not_unique_violation	false
live-dps	prro	prro::offline_codes_dps_code	offline_codes_dps_code_column_roundtrips	false
live-dps	prro	prro::offline_codes_dps_code	offline_codes_dps_code_sequential_lnd_assignment	false
live-dps	prro	prro::offline_codes_dps_code	seed_code_range_still_idempotent_with_dps_column_present	false
live-dps	prro	prro::offline_door_coupling	offline_door_flip_coupled_to_reachable_drain	false
live-dps	prro	prro::offline_lifecycle_orphan_recovery	boot_escalates_pre_existing_olpd_orphan_with_terminal_lifecycle_doc	false
live-dps	prro	prro::offline_lifecycle_orphan_recovery	fix_a_empty_pool_offline_shift_open_refused_premint_no_orphan	false
live-dps	prro	prro::offline_session_code_pool	acquire_code_classifies_partial_unique_violation_as_offline_code_already_consumed	false
live-dps	prro	prro::offline_session_code_pool	acquire_code_picks_lowest_available_and_stamps_consumed	false
live-dps	prro	prro::offline_session_code_pool	acquire_code_returns_code_pool_exhausted_after_full_drain	false
live-dps	prro	prro::offline_session_code_pool	acquire_code_returns_code_pool_exhausted_on_empty_pool	false
live-dps	prro	prro::offline_session_code_pool	concurrent_acquire_on_same_fn_returns_distinct_codes	false
live-dps	prro	prro::offline_session_code_pool	list_pending_for_session_excludes_terminal_states	false
live-dps	prro	prro::offline_session_code_pool	list_pending_for_session_includes_offline_local_ack	false
live-dps	prro	prro::offline_session_code_pool	list_pending_for_session_returns_non_terminal_docs_in_lnd_order	false
live-dps	prro	prro::offline_session_code_pool	seed_code_range_empty_range_is_noop	false
live-dps	prro	prro::offline_session_code_pool	seed_code_range_inserts_full_range_and_returns_count	false
live-dps	prro	prro::offline_session_code_pool	seed_code_range_is_idempotent_on_overlap	false
live-dps	prro	prro::offline_session_code_pool	seed_via_service_matches_tx_helper	false
live-dps	prro	prro::offline_session_state_machine	aborted_exit_does_not_stamp_closed_at_only_reason_abort	false
live-dps	prro	prro::offline_session_state_machine	aborted_session_does_not_block_new_active_session_on_same_fn	false
live-dps	prro	prro::offline_session_state_machine	aborted_transition_without_reason_returns_typed_missing_reason_abort	false
live-dps	prro	prro::offline_session_state_machine	closed_entry_stamps_closed_at_only_on_draining_to_closed	false
live-dps	prro	prro::offline_session_state_machine	closed_session_does_not_block_new_active_session_on_same_fn	false
live-dps	prro	prro::offline_session_state_machine	draining_entry_stamps_drained_at_only_on_open_to_draining	false
live-dps	prro	prro::offline_session_state_machine	second_active_session_on_same_fn_surfaces_typed_another_session_active	false
live-dps	prro	prro::offline_session_state_machine	service_abort_session_emits_audit_with_reason	false
live-dps	prro	prro::offline_session_state_machine	service_drain_close_emit_audit_chain	false
live-dps	prro	prro::offline_session_state_machine	service_open_session_inserts_promotes_open_and_emits_audit	false
live-dps	prro	prro::offline_session_state_machine	service_open_session_second_active_returns_typed_another_session_active	false
live-dps	prro	prro::offline_session_state_machine	transition_returns_conflict_when_state_diverged	false
live-dps	prro	prro::offline_session_state_machine	transition_returns_not_found_for_unknown_session	false
live-dps	prro	prro::offline_session_state_machine	whitelist_accepts_all_six_legal_edges	false
live-dps	prro	prro::offline_session_state_machine	whitelist_rejects_forbidden_edges_via_transition_outcome	false
live-dps	prro	prro::offline_surface	offline_surface_is_live_after_o2_flip	false
live-dps	prro	prro::online_convergence_tick	t1_bound_survives_reboot_fires_at_n_total	false
live-dps	prro	prro::online_convergence_tick	t1_sell_superseded_unbounded_hold_no_escalation	false
live-dps	prro	prro::online_convergence_tick	t1_shift_open_recovers_before_bound_no_escalation	false
live-dps	prro	prro::online_convergence_tick	t1_shift_open_superseded_n_ticks_escalates_manual	false
live-dps	prro	prro::online_convergence_tick	t1_teeth_bound_reverted_would_red	false
live-dps	prro	prro::online_convergence_tick	tick_chain_seed_mismatch_escalates_manual	false
live-dps	prro	prro::online_convergence_tick	tick_converges_resting_kvt1_to_ack	false
live-dps	prro	prro::online_convergence_tick	tick_converges_resting_sent_to_ack	false
live-dps	prro	prro::online_convergence_tick	tick_counts_mismatch_escalation_as_not_converged	false
live-dps	prro	prro::online_convergence_tick	tick_er_hold_indeterminate_keeps_fn_gated_and_escalates_after_n_ticks	false
live-dps	prro	prro::online_convergence_tick	tick_er_redrive_advances_to_sent_and_ungates_fn	false
live-dps	prro	prro::online_convergence_tick	tick_hold_on_empty_data_sign	false
live-dps	prro	prro::online_convergence_tick	tick_hold_on_short_data_sign	false
live-dps	prro	prro::online_convergence_tick	tick_holds_superseded_resting_kvt1_not_structural_drift	false
live-dps	prro	prro::online_convergence_tick	tick_idempotent_after_convergence	false
live-dps	prro	prro::online_convergence_tick	tick_serialises_on_fn_gate	false
live-dps	prro	prro::online_convergence_tick	tick_skips_non_online_mode	false
live-dps	prro	prro::online_convergence_tick	tick_skips_rmr_but_online_fn_no_reprobe	false
live-dps	prro	prro::online_convergence_tick	tick_zero_wire_when_nothing_resting	false
live-dps	prro	prro::operator_completion	b1_reset_stop_mode_refuses_while_pending_apply_unresolved	false
live-dps	prro	prro::operator_completion	b5_resolve_on_blocked_node_completes_and_stays_blocked	false
live-dps	prro	prro::operator_completion	oc01_accepted_online_stamps_seed_applies_and_returns_online	false
live-dps	prro	prro::operator_completion	oc02_accepted_offline_no_seed	false
live-dps	prro	prro::operator_completion	oc03_not_accepted_online_moves_doc_to_rmr	false
live-dps	prro	prro::operator_completion	oc04_mac_reseed_installs_operator_seed_and_manual	false
live-dps	prro	prro::operator_completion	oc05_mode_going_online_when_offline_session_active	false
live-dps	prro	prro::operator_completion	oc06_offline_not_accepted_refused_nothing_mutated	false
live-dps	prro	prro::operator_completion	oc07_shift_family_refused	false
live-dps	prro	prro::operator_completion	oc08_stale_generation_refused_nothing_mutated	false
live-dps	prro	prro::operator_completion	oc09_completion_clears_pointer_and_next_doc_authorizes	false
live-dps	prro	prro::operator_completion	oc10_admin_resolve_operator_pending_accepted_releases_node	false
live-dps	prro	prro::operator_completion	oc10_offline_not_accepted_cancels_cohort_and_rewinds_seed	false
live-dps	prro	prro::operator_completion	oc11_admin_resolve_rejects_reservation_of_a_different_fn_nothing_mutated	false
live-dps	prro	prro::operator_completion	oc11_later_rejected_successor_is_fork_guarded	false
live-dps	prro	prro::operator_completion	oc12_later_sending_successor_is_in_flight_guarded	false
live-dps	prro	prro::operator_completion	oc13_later_error_retryable_successor_is_issued_guarded	false
live-dps	prro	prro::operator_completion	oc14_later_signed_successor_is_invalid_state	false
live-dps	prro	prro::operator_completion	oc15_genesis_predecessor_rewinds_seed_to_null	false
live-dps	prro	prro::operator_completion	oc16_not_accepted_offline_on_online_doc_is_origin_mismatch	false
live-dps	prro	prro::operator_completion	oc22_mode_cas_failure_rolls_back_cohort_and_seed	false
live-dps	prro	prro::operator_completion	oc23_mac_reseed_on_non_macreseedpending_hold_refused_nothing_mutated	false
live-dps	prro	prro::operator_completion	oc24_mac_reseed_wrong_seed_refused_nothing_mutated	false
live-dps	prro	prro::operator_completion_service	svc01_shift_open_accepted_opens_shift_and_issues	false
live-dps	prro	prro::operator_completion_service	svc02_shift_open_rejected_rolls_shift_to_closed	false
live-dps	prro	prro::operator_completion_service	svc03_zreport_accepted_closes_shift_and_issues	false
live-dps	prro	prro::operator_completion_service	svc04_shift_close_rejected_reopens_shift	false
live-dps	prro	prro::operator_completion_service	svc05_regular_sell_accepted_no_shift_projection	false
live-dps	prro	prro::operator_completion_service	svc06_macreseed_on_shift_family_refused	false
live-dps	prro	prro::operator_completion_service	svc07_opening_to_closed_edge_sole_caller_pin	false
live-dps	prro	prro::operator_completion_service	svc08_offline_shift_open_not_accepted_rolls_olpd_to_closed	false
live-dps	prro	prro::operator_completion_service	svc09_offline_zreport_not_accepted_rolls_clpd_to_olpd	false
live-dps	prro	prro::operator_completion_service	svc10_offline_shift_accepted_does_not_advance_shift	false
live-dps	prro	prro::operator_key_load_failure_audits	case_1_missing_key_file_emits_key_load_failed_audit	false
live-dps	prro	prro::operator_key_load_failure_audits	case_2_wrong_password_emits_key_load_failed_audit	false
live-dps	prro	prro::operator_key_load_failure_audits	case_3_no_operators_row_emits_not_registered_info_audit	false
live-dps	prro	prro::operators_multi_cashier_history	different_fns_each_with_one_active_coexist	false
live-dps	prro	prro::operators_multi_cashier_history	historical_then_active_for_same_fn_both_succeed	false
live-dps	prro	prro::operators_multi_cashier_history	many_historical_rows_for_same_fn_allowed	false
live-dps	prro	prro::operators_multi_cashier_history	two_active_rows_for_same_fn_rejected_by_partial_unique	false
live-dps	prro	prro::ordering_totality_gate	every_order_by_limit_one_has_a_deterministic_winner	false
live-dps	prro	prro::outgress_trait_quartet	dispatch_surfaces_fsco_build_unimplemented_too	false
live-dps	prro	prro::outgress_trait_quartet	dispatch_surfaces_native_build_unimplemented_for_evpz_dps	false
live-dps	prro	prro::outgress_trait_quartet	evpz_builder_returns_typed_unimplemented	false
live-dps	prro	prro::outgress_trait_quartet	evpz_envelope_returns_typed_unimplemented	false
live-dps	prro	prro::outgress_trait_quartet	evpz_parser_returns_typed_unimplemented	false
live-dps	prro	prro::outgress_trait_quartet	evpz_placeholder_impls_implement_traits	false
live-dps	prro	prro::outgress_trait_quartet	evpz_transport_returns_typed_unimplemented	false
live-dps	prro	prro::outgress_trait_quartet	fsco_pilot_impls_implement_traits	false
live-dps	prro	prro::outgress_trait_quartet	quartet_for_evpz_returns_placeholders	false
live-dps	prro	prro::outgress_trait_quartet	quartet_for_fsco_returns_pilot_impls	false
live-dps	prro	prro::p1_boot_resume_signed_refused_repro	p1_boot_resume_blocked_mode_leaves_stuck_signed	true
live-dps	prro	prro::p1_boot_resume_signed_refused_repro	p1_boot_resume_offline_exhausted_prepared_aborts	false
live-dps	prro	prro::p1_boot_resume_signed_refused_repro	p1_boot_resume_offline_exhausted_signed_aborts	false
live-dps	prro	prro::pilot_offline_full_drill_e2e	combined_pilot_gate_online_and_offline_cohorts_in_one_shift	false
live-dps	prro	prro::pilot_offline_full_drill_e2e	pilot_offline_full_drill_go_offline_sell_return_go_online_drain_converges	false
live-dps	prro	prro::pilot_offline_half_e2e	pilot_offline_sell_and_return_reachable_via_live_binding	false
live-dps	prro	prro::pilot_offline_shift_lifecycle_e2e	drill_a_morning_without_network_offline_open_drain_online_z_close	false
live-dps	prro	prro::pilot_offline_shift_lifecycle_e2e	drill_b_full_offline_day_offline_open_sells_offline_z_close_drain_converges	false
live-dps	prro	prro::pilot_online_half_e2e	pilot_online_half_open_sell_sell_z_close_via_live_binding	false
live-dps	prro	prro::pin_signing_inputs_coalesce	pin_existing_null_caller_none_stays_null	false
live-dps	prro	prro::pin_signing_inputs_coalesce	pin_existing_null_caller_some_backfills	false
live-dps	prro	prro::pin_signing_inputs_coalesce	pin_existing_some_caller_none_preserves_existing	false
live-dps	prro	prro::pin_signing_inputs_coalesce	pin_existing_some_caller_some_other_preserves_existing_no_drift	false
live-dps	prro	prro::pin_signing_inputs_coalesce	pin_existing_some_caller_some_other_where_guard_rejects_rows_zero	false
live-dps	prro	prro::q5u_deterministic_sign_defect_aborts	deterministic_tax_defect_aborts_the_doc_on_the_inline_path	false
live-dps	prro	prro::q5u_deterministic_sign_defect_aborts	deterministic_tax_defect_aborts_the_prepared_doc	false
live-dps	prro	prro::q5u_deterministic_sign_defect_aborts	deterministic_tax_defect_does_not_re_dispatch_on_the_next_boot	false
live-dps	prro	prro::re_sign_after_mac_recovery	re_sign_crypto_error_propagates_typed	false
live-dps	prro	prro::re_sign_after_mac_recovery	re_sign_deterministic_for_identical_inputs	false
live-dps	prro	prro::re_sign_after_mac_recovery	re_sign_invalid_business_ts_returns_typed_error	false
live-dps	prro	prro::re_sign_after_mac_recovery	re_sign_lnd_overflow_returns_range_error	false
live-dps	prro	prro::re_sign_after_mac_recovery	re_sign_payload_schema_mismatch_returns_typed_error	false
live-dps	prro	prro::re_sign_after_mac_recovery	re_sign_propagates_new_previous_hash_into_canonical_xml	false
live-dps	prro	prro::re_sign_after_mac_recovery	re_sign_provider_receives_rebuilt_xml_not_attempt_one_bytes	false
live-dps	prro	prro::re_sign_after_mac_recovery	re_sign_z_number_overflow_returns_range_error	false
live-dps	prro	prro::re_sign_after_mac_recovery	re_sign_z_report_propagates_z_number_into_canonical_xml	false
live-dps	prro	prro::reconcile_guard_compile_fail	reconcile_guard_enforcement_compile_fail	false
live-dps	prro	prro::record_outcome	rc01_accepted_records_oo_pending_correlation_and_no_halt	false
live-dps	prro	prro::record_outcome	rc02_terminal_reject_records_and_does_not_halt	false
live-dps	prro	prro::record_outcome	rc03_submitted_unknown_halts_stop_mode	false
live-dps	prro	prro::record_outcome	rc04_offline168_blocks_node	false
live-dps	prro	prro::record_outcome	rc05_bad_hash_prev_held_stop_mode	false
live-dps	prro	prro::record_outcome	rc06_accepted_without_correlation_trips_matrix_and_rolls_back	false
live-dps	prro	prro::record_outcome	rc07_boot_resumed_reservation_refuses_late_record	false
live-dps	prro	prro::record_outcome	rc08_attempt_observation_carries_full_binding_and_evidence	false
live-dps	prro	prro::repo_audit_log	append_outlives_entity_no_fk_check	false
live-dps	prro	prro::repo_audit_log	append_returns_monotonic_audit_id_and_list_returns_desc	false
live-dps	prro	prro::repo_audit_log	list_for_entity_isolates_by_entity_type_and_id	false
live-dps	prro	prro::repo_driver_tax_mapping	different_drivers_same_number_coexist	false
live-dps	prro	prro::repo_driver_tax_mapping	duplicate_pk_returns_typed_conflict	false
live-dps	prro	prro::repo_driver_tax_mapping	insert_and_find_roundtrip	false
live-dps	prro	prro::repo_driver_tax_mapping	insert_with_no_letter_succeeds	false
live-dps	prro	prro::repo_driver_tax_mapping	list_active_for_driver_returns_only_active	false
live-dps	prro	prro::repo_driver_tax_mapping	soft_delete_and_reinsert_same_pk_succeeds_via_new_canonical	false
live-dps	prro	prro::repo_driver_tax_mapping	update_canonical_changes_mapping	false
live-dps	prro	prro::repo_driver_tax_mapping	update_canonical_on_missing_returns_not_found	false
live-dps	prro	prro::repo_fiscal_documents_state_cas	allowed_transition_exhaustive_matrix	false
live-dps	prro	prro::repo_fiscal_documents_state_cas	cas_returns_conflict_when_actual_state_diverged	false
live-dps	prro	prro::repo_fiscal_documents_state_cas	dormant_sfn_less_edges_are_forbidden	false
live-dps	prro	prro::repo_fiscal_documents_state_cas	forbidden_transition_returns_forbidden	false
live-dps	prro	prro::repo_fiscal_documents_state_cas	hashes_persist_at_32_bytes_through_insert_prepared	false
live-dps	prro	prro::repo_fiscal_documents_state_cas	insert_then_transition_signed_returns_applied	false
live-dps	prro	prro::repo_fiscal_documents_state_cas	intentional_whitelist_gaps_remain_forbidden	false
live-dps	prro	prro::repo_fiscal_documents_state_cas	list_pending_excludes_final_states	false
live-dps	prro	prro::repo_fiscal_documents_state_cas	list_pending_full_state_inclusion_contract	false
live-dps	prro	prro::repo_fiscal_documents_state_cas	list_pending_orders_by_lnd_for_chain_safety	false
live-dps	prro	prro::repo_fiscal_documents_state_cas	transition_returns_not_found_for_missing_doc	false
live-dps	prro	prro::repo_fiscal_number_config	get_missing_returns_none	false
live-dps	prro	prro::repo_fiscal_number_config	insert_and_get_roundtrip	false
live-dps	prro	prro::repo_fiscal_number_config	list_returns_sorted	false
live-dps	prro	prro::repo_fiscal_number_config	update_org_metadata_works	false
live-dps	prro	prro::repo_fn_integration_flags	delete_flag_removes_row	false
live-dps	prro	prro::repo_fn_integration_flags	delete_missing_flag_returns_not_found	false
live-dps	prro	prro::repo_fn_integration_flags	get_missing_returns_none	false
live-dps	prro	prro::repo_fn_integration_flags	list_flags_for_fn_returns_all_set_flags	false
live-dps	prro	prro::repo_fn_integration_flags	set_and_get_roundtrip	false
live-dps	prro	prro::repo_fn_integration_flags	set_flag_is_upsert	false
live-dps	prro	prro::repo_fn_outgress_profile	delete_missing_profile_returns_not_found	false
live-dps	prro	prro::repo_fn_outgress_profile	delete_profile_removes_row	false
live-dps	prro	prro::repo_fn_outgress_profile	get_missing_returns_none	false
live-dps	prro	prro::repo_fn_outgress_profile	invalid_profile_string_in_db_surfaces_as_parse_error	false
live-dps	prro	prro::repo_fn_outgress_profile	list_profiles_returns_all	false
live-dps	prro	prro::repo_fn_outgress_profile	set_and_get_roundtrip	false
live-dps	prro	prro::repo_fn_outgress_profile	set_profile_is_upsert	false
live-dps	prro	prro::repo_ingress_inbox_idempotency	delete_new_by_request_id_never_drops_advanced_row	false
live-dps	prro	prro::repo_ingress_inbox_idempotency	delete_new_by_request_id_pins_rows_affected	false
live-dps	prro	prro::repo_ingress_inbox_idempotency	different_idempotency_keys_create_separate_rows	false
live-dps	prro	prro::repo_ingress_inbox_idempotency	first_insert_creates	false
live-dps	prro	prro::repo_ingress_inbox_idempotency	recovery_identity_round_trips_created_replay_and_legacy_null	false
live-dps	prro	prro::repo_ingress_inbox_idempotency	second_with_different_hash_conflicts	false
live-dps	prro	prro::repo_ingress_inbox_idempotency	second_with_same_hash_replays	false
live-dps	prro	prro::repo_node_state	seed_prevhash_persists_at_32_bytes	false
live-dps	prro	prro::repo_node_state	seed_prevhash_unknown_fn_returns_false	false
live-dps	prro	prro::repo_node_state	upsert_initial_preserves_chain_state_on_conflict	false
live-dps	prro	prro::repo_node_state	upsert_then_get	false
live-dps	prro	prro::repo_operators	duplicate_active_cashier_on_same_fn_returns_typed_conflict	false
live-dps	prro	prro::repo_operators	find_by_fiscal_number_missing_returns_none	false
live-dps	prro	prro::repo_operators	insert_and_find_by_fiscal_number_roundtrip	false
live-dps	prro	prro::repo_operators	list_all_on_empty_returns_empty_vec	false
live-dps	prro	prro::repo_operators	list_all_returns_all_inserted_rows	false
live-dps	prro	prro::repo_payment_methods	duplicate_active_name_per_fn_returns_typed_conflict	false
live-dps	prro	prro::repo_payment_methods	duplicate_pay_index_per_fn_returns_typed_conflict	false
live-dps	prro	prro::repo_payment_methods	find_by_name_returns_active_row	false
live-dps	prro	prro::repo_payment_methods	find_missing_returns_none	false
live-dps	prro	prro::repo_payment_methods	insert_and_find_roundtrip	false
live-dps	prro	prro::repo_payment_methods	list_active_for_fn_returns_only_active_rows_sorted	false
live-dps	prro	prro::repo_payment_methods	soft_delete_missing_row_returns_not_found	false
live-dps	prro	prro::repo_payment_methods	soft_delete_then_reinsert_same_name_succeeds	false
live-dps	prro	prro::repo_payment_methods	update_changes_name_and_iscash	false
live-dps	prro	prro::repo_payment_methods	update_on_missing_returns_not_found	false
live-dps	prro	prro::repo_shifts	allowed_transition_table_matrix	false
live-dps	prro	prro::repo_shifts	allowed_transitions_succeed	false
live-dps	prro	prro::repo_shifts	cas_blocks_when_state_diverged	false
live-dps	prro	prro::repo_shifts	forbidden_transitions_blocked_in_code	false
live-dps	prro	prro::repo_shifts	insert_created_then_get	false
live-dps	prro	prro::repo_shifts	new_shift_allowed_after_prior_left_active_set	false
live-dps	prro	prro::repo_shifts	second_active_shift_per_fiscal_is_rejected	false
live-dps	prro	prro::repo_signing_config_snapshots	get_by_id_not_found_returns_typed_error	false
live-dps	prro	prro::repo_signing_config_snapshots	get_by_id_round_trips_snapshot_bytes	false
live-dps	prro	prro::repo_signing_config_snapshots	get_by_id_sha256_mismatch_returns_typed_error	false
live-dps	prro	prro::repo_signing_config_snapshots	insert_or_get_id_distinct_for_different_driver	false
live-dps	prro	prro::repo_signing_config_snapshots	insert_or_get_id_distinct_for_different_fn	false
live-dps	prro	prro::repo_signing_config_snapshots	insert_or_get_id_distinct_for_different_payload	false
live-dps	prro	prro::repo_signing_config_snapshots	insert_or_get_id_idempotent_for_same_content	false
live-dps	prro	prro::repo_signing_config_snapshots	insert_or_get_id_inserts_new_snapshot	false
live-dps	prro	prro::repo_signing_config_snapshots	insert_or_get_id_persists_kind_field	false
live-dps	prro	prro::repo_signing_config_snapshots	insert_or_get_id_tx_idempotent_across_two_envelopes	false
live-dps	prro	prro::repo_signing_config_snapshots	insert_or_get_id_tx_inserts_inside_with_immediate_envelope	false
live-dps	prro	prro::repo_tax_groups	duplicate_active_letter_per_fn_returns_typed_conflict	false
live-dps	prro	prro::repo_tax_groups	duplicate_tx_num_per_fn_returns_typed_conflict	false
live-dps	prro	prro::repo_tax_groups	find_by_letter_returns_active_row	false
live-dps	prro	prro::repo_tax_groups	find_missing_returns_none	false
live-dps	prro	prro::repo_tax_groups	insert_and_find_by_tx_num_roundtrip	false
live-dps	prro	prro::repo_tax_groups	list_active_for_fn_returns_only_active_rows	false
live-dps	prro	prro::repo_tax_groups	soft_delete_missing_row_returns_not_found	false
live-dps	prro	prro::repo_tax_groups	soft_delete_then_reinsert_same_letter_succeeds	false
live-dps	prro	prro::repo_tax_groups	update_rates_changes_dtpr_txpr_txal_txty	false
live-dps	prro	prro::repo_tax_groups	update_rates_on_missing_row_returns_not_found	false
live-dps	prro	prro::return_online_probe	probe_cas_miss_on_concurrent_mode_change_audits_failure	false
live-dps	prro	prro::return_online_probe	probe_failure_authorization_emits_kind_subfield	false
live-dps	prro	prro::return_online_probe	probe_failure_dps_error_keeps_mode_and_audits_typed_class	false
live-dps	prro	prro::return_online_probe	probe_failure_dps_reports_offline_keeps_mode_and_audits_snapshot	false
live-dps	prro	prro::return_online_probe	probe_idempotent_on_going_online_no_write_no_audit_no_wire	false
live-dps	prro	prro::return_online_probe	probe_no_fiscal_side_effects_on_success_failure_or_skip	false
live-dps	prro	prro::return_online_probe	probe_skips_online_mode_before_wire_call	false
live-dps	prro	prro::return_online_probe	probe_success_flips_offline_to_going_online	false
live-dps	prro	prro::return_online_probe	spawn_probe_loop_respects_shutdown_signal	false
live-dps	prro	prro::return_online_probe_boot	boot_probe_attempts_after_online_to_offline_flip	false
live-dps	prro	prro::return_online_probe_boot	boot_probe_emits_critical_audit_on_tick_infra_error	false
live-dps	prro	prro::return_online_probe_boot	boot_probe_emits_warn_audit_on_clamp	false
live-dps	prro	prro::return_online_probe_boot	boot_probe_no_attempt_audit_while_fn_is_online	false
live-dps	prro	prro::return_online_probe_boot	boot_probe_respects_shutdown_signal_at_app_level	false
live-dps	prro	prro::rp_cs1_3_command_facade	moved_command_resolves_via_legacy_path_and_is_the_domain_type	false
live-dps	prro	prro::rp_cs1_3_enum_facade	moved_enums_resolve_via_legacy_path_and_are_the_domain_types	false
live-dps	prro	prro::rp_cs1_3_id_facade	moved_ids_resolve_via_legacy_path_and_are_the_domain_types	false
live-dps	prro	prro::rp_cs1_5_db_enum_roundtrip	db_enum_persists_and_decodes_via_real_column	false
live-dps	prro	prro::rp_cs1_5_db_enum_roundtrip	db_enum_wrapper_unknown_literal_is_decode_error	false
live-dps	prro	prro::rp_cs1_5_db_enum_roundtrip	db_enum_wrappers_roundtrip_byte_identical	false
live-dps	prro	prro::rp_cs1_5_db_enum_roundtrip	rp_r3_1_decode_error_matches_golden_all_8	false
live-dps	prro	prro::rp_cs1_5_db_enum_roundtrip	rp_r3_2_cashier_oversize_warn_has_explicit_target_message_fields	false
live-dps	prro	prro::rp_cs1_5_db_enum_roundtrip	rp_r3_3_option_null_roundtrip_all_8_wrappers	false
live-dps	prro	prro::rp_cs1_5_db_id_roundtrip	db_blob_id_persists_and_decodes_via_real_column	false
live-dps	prro	prro::rp_cs1_5_db_id_roundtrip	db_blob_id_wrappers_roundtrip_byte_identical	false
live-dps	prro	prro::rp_cs1_5_db_id_roundtrip	db_blob_id_wrong_length_is_decode_error	false
live-dps	prro	prro::rp_cs1_5_db_id_roundtrip	db_cashier_id_decode_is_legacy_tolerant	false
live-dps	prro	prro::rp_cs1_5_db_id_roundtrip	db_cashier_id_wrapper_roundtrip_text	false
live-dps	prro	prro::rp_cs1_5_db_id_roundtrip	driver_id_raw_string_boundary_roundtrips	false
live-dps	prro	prro::rp_r4_1a_retained_surface_manifest	blob_ids_retained_surface_nested_path	false
live-dps	prro	prro::rp_r4_1a_retained_surface_manifest	blob_ids_retained_surface_short_path	false
live-dps	prro	prro::rp_r4_1a_retained_surface_manifest	cashier_id_retained_surface_nested_path	false
live-dps	prro	prro::rp_r4_1a_retained_surface_manifest	cashier_id_retained_surface_short_path	false
live-dps	prro	prro::rp_r4_1a_retained_surface_manifest	driver_id_retained_surface_nested_path	false
live-dps	prro	prro::rp_r4_1a_retained_surface_manifest	driver_id_retained_surface_short_path	false
live-dps	prro	prro::rp_r4_1a_retained_surface_manifest	enums_retained_surface_nested_path	false
live-dps	prro	prro::rp_r4_1a_retained_surface_manifest	enums_retained_surface_short_path	false
live-dps	prro	prro::rp_r4_1b_sqlx_break_compile_fail	legacy_types_no_longer_satisfy_sqlx_traits	false
live-dps	prro	prro::rp_r4_1c_models_facade_no_glob	models_facade_has_no_glob_reexport	false
live-dps	prro	prro::rp_r4_1c_models_facade_no_glob	models_facade_reexports_exactly_the_pinned_legacy_set	false
live-dps	prro	prro::rs1_build_fn_sign	build_fn_sign_produces_wellformed_attached_cms	false
live-dps	prro	prro::rs1_supervisor_boot	axum_like_err_before_flip_audits_the_serve_error	false
live-dps	prro	prro::rs1_supervisor_boot	axum_like_ok_after_shutdown_flip_is_not_loop_death	false
live-dps	prro	prro::rs1_supervisor_boot	axum_like_ok_before_flip_is_loop_death	false
live-dps	prro	prro::rs1_supervisor_boot	axum_like_panic_before_flip_is_loop_death	false
live-dps	prro	prro::rs1_supervisor_boot	duplicate_rest_fn_fails_boot	false
live-dps	prro	prro::rs1_supervisor_boot	non_loopback_rest_listener_fails_boot	false
live-dps	prro	prro::rs1_supervisor_boot	reconcile_defers_going_online_under_runtime_but_fails_closed_ctx_free	false
live-dps	prro	prro::rs1_supervisor_boot	rest_http_listener_boots_and_shuts_down	false
live-dps	prro	prro::rs1_supervisor_boot	rest_listener_missing_cash_slot_fails_boot	false
live-dps	prro	prro::rs1_supervisor_boot	rest_listener_unknown_fn_fails_boot	false
live-dps	prro	prro::rs1_supervisor_boot	shutdown_uses_one_shared_grace_not_per_task_sequential	false
live-dps	prro	prro::rs1_supervisor_boot	supervise_task_set_empty_set_awaits_shutdown	false
live-dps	prro	prro::rs1_supervisor_boot	supervise_task_set_handles_n_named_tasks_gracefully	false
live-dps	prro	prro::rs1_supervisor_boot	supervisor_does_not_brick_when_one_fn_is_going_online	false
live-dps	prro	prro::rs1_supervisor_boot	supervisor_fails_and_audits_when_a_loop_dies_before_shutdown	false
live-dps	prro	prro::rs1_supervisor_boot	supervisor_run_with_empty_registry_awaits_shutdown_and_returns	false
live-dps	prro	prro::rs1_supervisor_boot	supervisor_runs_loops_over_one_fn_and_shuts_down_cleanly	false
live-dps	prro	prro::rs1_supervisor_boot	two_pre_flip_deaths_audit_exactly_once	false
live-dps	prro	prro::rs2_convert_payments	acquirer_slip_fails_closed_until_epz_mapping_lands	false
live-dps	prro	prro::rs2_convert_payments	e2e_sell_and_return_shift_routes_return_to_smo_and_sum_out	false
live-dps	prro	prro::rs2_convert_payments	empty_goods_sell_is_typed_error	false
live-dps	prro	prro::rs2_convert_payments	inactive_payment_slot_is_typed_error	false
live-dps	prro	prro::rs2_convert_payments	iscash_mismatch_at_frozen_slot_is_typed_error	false
live-dps	prro	prro::rs2_convert_payments	missing_payment_slot_is_typed_error	false
live-dps	prro	prro::rs2_convert_payments	payments_take_name_from_table_and_type_code_from_slot	false
live-dps	prro	prro::rs2_convert_payments	raw_frames_fail_closed_through_orchestrator	false
live-dps	prro	prro::rs2_convert_payments	secondary_tax_without_dual_mode_fails_closed_through_orchestrator	false
live-dps	prro	prro::rs2_convert_payments	zreport_aggregates_only_issued_shift_receipts	false
live-dps	prro	prro::rs2_convert_payments	zreport_txs_aggregates_tax_group_turnover_from_items	false
live-dps	prro	prro::rs2_convert_payments	zreport_txs_calc_tax_failure_fails_closed	false
live-dps	prro	prro::rs2_convert_payments	zreport_txs_conflicting_rates_for_same_group_fail_closed	false
live-dps	prro	prro::rs2_convert_payments	zreport_txs_identical_config_does_not_false_trip_drift	false
live-dps	prro	prro::rs2_convert_payments	zreport_txs_null_snapshot_mixed_with_pinned_fails_closed	false
live-dps	prro	prro::rs2_convert_payments	zreport_txs_routes_sell_to_smi_and_return_to_smo	false
live-dps	prro	prro::rs2_convert_payments	zreport_txs_seam_emits_txs_xml_with_header_ts_and_omits_io_epz	false
live-dps	prro	prro::rs2_convert_payments	zreport_txs_turnover_overflow_fails_closed	false
live-dps	prro	prro::rs2_convert_payments	zreport_txs_unresolved_group_falls_back_to_short_form	false
live-dps	prro	prro::rs2_convert_payments	zreport_with_no_open_shift_is_typed_error	false
live-dps	prro	prro::rs2_replay_matrix	done_plus_ack_is_completed_with_fiscal_id	false
live-dps	prro	prro::rs2_replay_matrix	done_with_non_accepted_doc_is_drift_error	false
live-dps	prro	prro::rs2_replay_matrix	done_without_fiscal_doc_is_drift_error	false
live-dps	prro	prro::rs2_replay_matrix	last_server_fiscal_no_excludes_empty_string	false
live-dps	prro	prro::rs2_replay_matrix	last_server_fiscal_no_only_real_acks	false
live-dps	prro	prro::rs2_replay_matrix	last_server_fiscal_no_ranks_by_lnd_not_first_kvt1_at	false
live-dps	prro	prro::rs2_replay_matrix	new_plus_ack_is_completed	false
live-dps	prro	prro::rs2_replay_matrix	processing_plus_offline_local_ack_is_completed	false
live-dps	prro	prro::rs2_replay_matrix	processing_with_cancelled_doc_is_failed	false
live-dps	prro	prro::rs2_replay_matrix	processing_with_in_flight_doc_is_in_progress	false
live-dps	prro	prro::rs2_replay_matrix	processing_with_rejected_doc_is_failed	false
live-dps	prro	prro::rs2_replay_matrix	processing_without_fiscal_doc_is_in_progress	false
live-dps	prro	prro::rs3_fn_write_gate	app_clones_share_one_per_fn_gate	false
live-dps	prro	prro::rs3_fn_write_gate	app_gate_does_not_block_across_distinct_fns	false
live-dps	prro	prro::runtime_tax_snapshot_loader	different_fn_distinct_snapshots	false
live-dps	prro	prro::runtime_tax_snapshot_loader	empty_fn_yields_empty_snapshot_no_error	false
live-dps	prro	prro::runtime_tax_snapshot_loader	invalid_rate_in_db_surfaces_typed_snapshot_build_error	false
live-dps	prro	prro::runtime_tax_snapshot_loader	snapshot_includes_only_active_groups	false
live-dps	prro	prro::runtime_tax_snapshot_loader	two_groups_round_trip_to_bps_correctly	false
live-dps	prro	prro::s7_2_stage_acquire_exclusion	s7_2_offline_origin_passes_online_write_gate_covered_by_stage_sign_fence	false
live-dps	prro	prro::s7_2_stage_acquire_exclusion	s7_2_online_write_gate_covers_reservation_sending_sibling	false
live-dps	prro	prro::s7_apply_orchestration	ao01_online_shift_open_accepted_fires_edge3_opening_to_opened	false
live-dps	prro	prro::s7_apply_orchestration	ao02_online_sell_accepted_fires_no_shift_edge	false
live-dps	prro	prro::s7_apply_orchestration	ao03_held_outcome_propagates_as_heldnotautorelease	false
live-dps	prro	prro::s7_apply_orchestration	ao04_boot_pass_shift_open_accepted_fires_edge3_via_orchestration	false
live-dps	prro	prro::s7_apply_orchestration	ao05_boot_pass_shift_close_accepted_fires_edge_closing_to_closed	false
live-dps	prro	prro::s7_apply_orchestration	ao06_boot_pass_z_report_accepted_fires_edge_closing_to_closed	false
live-dps	prro	prro::s7_boot_reservation_pass	boot_pass_module_has_no_wire_access	false
live-dps	prro	prro::s7_boot_reservation_pass	s7_nc03_authority_restore_enables_operator_completion	false
live-dps	prro	prro::s7_boot_reservation_pass	s7_nc03_authority_restore_oo_pending_deferred_path	false
live-dps	prro	prro::s7_boot_reservation_pass	s7_normalize_completes_crashed_transport_trace	false
live-dps	prro	prro::s7_boot_reservation_pass	s7_p4_boot_pass_resolves_crashed_pending_reservations_wire_free	false
live-dps	prro	prro::s7_p2_2_authorization_seal_compile_fail	s7_p2_2_authorization_seal_compile_fail	false
live-dps	prro	prro::s7_p2_2_sole_seam	production_send_chk_has_zero_call_sites_no_wire_bypass	false
live-dps	prro	prro::s7_p2_2_sole_seam	production_send_chk_observed_has_exactly_one_call_site_inside_submit	false
live-dps	prro	prro::s7_p2_2_sole_seam	production_submit_authorized_has_exactly_one_caller_in_stage_send	false
live-dps	prro	prro::s7_p2_2_sole_seam	scanner_detects_a_synthetic_send_chk_method_call	false
live-dps	prro	prro::s7_p2_2_sole_seam	scanner_detects_a_synthetic_send_chk_observed_method_call	false
live-dps	prro	prro::s7_p2_2_sole_seam	scanner_detects_a_synthetic_send_chk_observed_ufcs_call	false
live-dps	prro	prro::s7_p2_2_sole_seam	scanner_detects_a_synthetic_send_chk_ufcs_call	false
live-dps	prro	prro::s7_p2_2_sole_seam	scanner_detects_a_synthetic_submit_authorized_call	false
live-dps	prro	prro::s7_p2_2_sole_seam	scanner_excludes_cfg_test_call_sites	false
live-dps	prro	prro::s7_p2_2_sole_seam	scanner_ignores_definitions_and_comments	false
live-dps	prro	prro::scripted_dps_contract	call_log_records_calls_in_wire_order_with_envelope_metadata	false
live-dps	prro	prro::scripted_dps_contract	hang_on_send_is_reached_and_released_controllably	false
live-dps	prro	prro::scripted_dps_contract	over_call_on_empty_queue_returns_typed_error_not_panic	false
live-dps	prro	prro::secret_flow_tracing	cross_thread_capture_works_from_spawn_blocking	false
live-dps	prro	prro::secret_flow_tracing	each_canary_representation_is_actually_detected_by_assert_no_canary_leak	false
live-dps	prro	prro::secret_flow_tracing	no_secret_substring_leaks_through_tracing_or_error_debug	false
live-dps	prro	prro::secure_pool_open	open_secure_pool_chmods_file_to_owner_only	false
live-dps	prro	prro::secure_pool_open	open_secure_pool_chmods_wal_and_shm_sidecars	false
live-dps	prro	prro::secure_pool_open	open_secure_pool_is_idempotent_on_second_open	false
live-dps	prro	prro::secure_pool_open	open_secure_pool_runs_migrations_secure_and_creates_operators_table	false
live-dps	prro	prro::sent_not_found	sn01_sent_not_found_escalates_atomically	false
live-dps	prro	prro::sent_not_found	sn02_non_sent_document_refused	false
live-dps	prro	prro::sent_not_found	sn03_refusal_leaves_node_mode_unchanged	false
live-dps	prro	prro::sent_not_found	sn04_missing_node_state_rolls_back	false
live-dps	prro	prro::shift_carry_ordering	opening_carry_breaks_a_same_second_close_tie_deterministically	false
live-dps	prro	prro::shift_carry_ordering	opening_carry_is_insertion_order_independent	false
live-dps	prro	prro::shift_carry_ordering	opening_carry_is_zero_without_a_closed_shift	false
live-dps	prro	prro::shift_carry_ordering	opening_carry_takes_the_most_recently_closed_shift	false
live-dps	prro	prro::shift_create_primitive	apply_shift_transition_closed_to_created_is_forbidden	false
live-dps	prro	prro::shift_create_primitive	apply_shift_transition_redrive_is_conflict_not_error	false
live-dps	prro	prro::shift_create_primitive	create_shift_tx_from_closed_dual_writes_shifts_and_projection	false
live-dps	prro	prro::shift_create_primitive	create_shift_tx_refuses_and_rolls_back_when_not_closed	false
live-dps	prro	prro::shift_create_primitive	deterministic_shift_id_is_stable_and_distinct	false
live-dps	prro	prro::shift_create_primitive	insert_created_tx_duplicate_shift_id_is_pk_error	false
live-dps	prro	prro::shift_create_primitive	partial_unique_index_rejects_second_open_state_row	false
live-dps	prro	prro::shift_force_seam_has_no_production_caller	operator_force_seams_have_no_production_caller	false
live-dps	prro	prro::shift_life_matrix	matrix_b1_byzantine_garbage_server_fiscal_no	false
live-dps	prro	prro::shift_life_matrix	matrix_mf1_interleaved_two_fn_isolation	false
live-dps	prro	prro::shift_life_matrix	matrix_mf2_offline_a_while_online_b	false
live-dps	prro	prro::shift_life_matrix	matrix_mf3_cash_ledger_isolation	false
live-dps	prro	prro::shift_life_matrix	matrix_mf4_per_fn_fault_isolation	false
live-dps	prro	prro::shift_life_matrix	matrix_s10_service_out_guard_3b	false
live-dps	prro	prro::shift_life_matrix	matrix_s11_epz_cash_advance_ledger	false
live-dps	prro	prro::shift_life_matrix	matrix_s12_epz_guards	false
live-dps	prro	prro::shift_life_matrix	matrix_s13_offline_service_io_epz_bimodal	false
live-dps	prro	prro::shift_life_matrix	matrix_s14_mac_recovery_minus12_holds_shift_frozen	false
live-dps	prro	prro::shift_life_matrix	matrix_s15_mac_recovery_minus12_plain_message_still_holds	false
live-dps	prro	prro::shift_life_matrix	matrix_s1_online_happy_varied_packets	false
live-dps	prro	prro::shift_life_matrix	matrix_s2_offline_lifecycle_drain_close	false
live-dps	prro	prro::shift_life_matrix	matrix_s3_dps_reject_corpus	false
live-dps	prro	prro::shift_life_matrix	matrix_s4_throughput_and_db	false
live-dps	prro	prro::shift_life_matrix	matrix_s5_net_drop_mid_online_holds_stop	false
live-dps	prro	prro::shift_life_matrix	matrix_s6_mixed_online_offline_day	false
live-dps	prro	prro::shift_life_matrix	matrix_s7_multi_shift_reopen_sequence	false
live-dps	prro	prro::shift_life_matrix	matrix_s8_cross_shift_cash_carryover	false
live-dps	prro	prro::shift_life_matrix	matrix_s9_service_io_lifecycle	false
live-dps	prro	prro::shift_state_whitelist_matrix	locked_edge_count_is_15	false
live-dps	prro	prro::shift_state_whitelist_matrix	transition_state_returns_conflict_when_observed_state_drifted	false
live-dps	prro	prro::shift_state_whitelist_matrix	transition_state_returns_not_found_for_stale_shift_id	false
live-dps	prro	prro::shift_state_whitelist_matrix	whitelist_matrix_15_allowed_66_forbidden_via_transition_state	false
live-dps	prro	prro::shift_transition_service	applied_edge_dual_writes_both_tables	false
live-dps	prro	prro::shift_transition_service	clear_projection_is_noop_outside_opening_closing	false
live-dps	prro	prro::shift_transition_service	clear_projection_repairs_dangling_pointer_with_no_backing_shift	false
live-dps	prro	prro::shift_transition_service	conflict_outcome_leaves_both_tables_untouched	false
live-dps	prro	prro::shift_transition_service	forbidden_edge_touches_neither_table	false
live-dps	prro	prro::shift_transition_service	mirror_shift_state_arm_drift_also_rolls_back	false
live-dps	prro	prro::shift_transition_service	not_found_outcome_is_ok_not_err	false
live-dps	prro	prro::shift_transition_service	orphan_quarantine_is_asymmetric_shift_error_projection_closed	false
live-dps	prro	prro::shift_transition_service	projection_drift_rolls_back_the_whole_envelope	false
live-dps	prro	prro::shift_transition_service	second_distinct_edge_also_dual_writes	false
live-dps	prro	prro::shift_transition_service	terminal_close_pins_current_shift_id_behavior	false
live-dps	prro	prro::shift_transition_service_is_sole_node_state_writer	allowlisted_writers_still_exist	false
live-dps	prro	prro::shift_transition_service_is_sole_node_state_writer	node_state_shift_projection_is_written_only_by_the_transition_service	false
live-dps	prro	prro::shifts_force_seam_source_guard	force_seams_reject_malformed_and_oversized_evidence	false
live-dps	prro	prro::shifts_force_seam_source_guard	force_to_error_with_audit_source_guard_9_cases	false
live-dps	prro	prro::shifts_force_seam_source_guard	force_to_manual_reconciliation_with_audit_source_guard_9_cases	false
live-dps	prro	prro::shifts_force_seam_source_guard	force_to_manual_records_operator_actor_in_audit	false
live-dps	prro	prro::shifts_force_seam_source_guard	locked_case_count_is_18	false
live-dps	prro	prro::shifts_force_seam_source_guard	tx_isolation_violation_variant_is_constructible_and_matchable	false
live-dps	prro	prro::shifts_no_silent_error_paths	tier_a_error_unreachable_via_whitelist_from_any_source	false
live-dps	prro	prro::shifts_no_silent_error_paths	tier_b_manual_reachable_only_from_4_whitelist_sources	false
live-dps	prro	prro::shifts_senior_close	senior_close_applied_from_closing_local_pending_drain	false
live-dps	prro	prro::shifts_senior_close	senior_close_applied_from_opened	false
live-dps	prro	prro::shifts_senior_close	senior_close_error_invalid_evidence_json	false
live-dps	prro	prro::shifts_senior_close	senior_close_error_shift_not_found	false
live-dps	prro	prro::shifts_senior_close	senior_close_refused_cashier_not_registered	false
live-dps	prro	prro::shifts_senior_close	senior_close_refused_not_closable_for_all_7_disallowed_sources	false
live-dps	prro	prro::signer_guard_helper	all_five_known_variants_instantiate_and_match	false
live-dps	prro	prro::signer_guard_helper	cash_withdrawal_with_matched_signer_returns_ok	false
live-dps	prro	prro::signer_guard_helper	cross_fn_takes_precedence_over_cashier_mismatch	false
live-dps	prro	prro::signer_guard_helper	cross_fn_takes_precedence_over_signer_missing	false
live-dps	prro	prro::signer_guard_helper	return_without_signer_id_but_aligned_shift_returns_signer_id_missing	false
live-dps	prro	prro::signer_guard_helper	sell_with_cross_fn_binding_returns_cross_fn_mismatch	false
live-dps	prro	prro::signer_guard_helper	sell_with_matched_signer_and_aligned_shift_returns_ok	false
live-dps	prro	prro::signer_guard_helper	sell_with_mismatched_signer_returns_mismatch_with_full_payload	false
live-dps	prro	prro::signer_guard_helper	sell_with_wrong_shift_id_returns_shift_id_mismatch	false
live-dps	prro	prro::signer_guard_helper	sell_without_inputs_shift_id_returns_shift_missing	false
live-dps	prro	prro::signer_guard_helper	sell_without_shift_arg_returns_shift_missing	false
live-dps	prro	prro::signer_guard_helper	sell_without_signer_id_but_aligned_shift_returns_signer_id_missing	false
live-dps	prro	prro::signer_guard_helper	service_out_with_mismatched_signer_returns_mismatch	false
live-dps	prro	prro::signer_guard_helper	shift_close_bypasses_signer_check_with_mismatched_signer	false
live-dps	prro	prro::signer_guard_helper	shift_close_bypasses_signer_check_with_no_signer	false
live-dps	prro	prro::signer_guard_helper	shift_close_with_cross_fn_still_bypasses	false
live-dps	prro	prro::signer_guard_helper	shift_id_mismatch_takes_precedence_over_cashier_mismatch	false
live-dps	prro	prro::signer_guard_helper	shift_id_mismatch_takes_precedence_over_cross_fn	false
live-dps	prro	prro::signer_guard_helper	shift_open_bypasses_even_with_mismatched_signer	false
live-dps	prro	prro::signer_guard_helper	shift_open_bypasses_signer_check_with_no_shift_and_no_signer	false
live-dps	prro	prro::signer_guard_helper	x_report_without_inputs_shift_id_carries_doc_type_in_refusal	false
live-dps	prro	prro::signer_guard_helper	z_report_bypasses_signer_check_with_mismatched_signer	false
live-dps	prro	prro::signer_guard_helper	z_report_bypasses_signer_check_with_no_signer	false
live-dps	prro	prro::singleton_lock	lock_path_appends_pid_suffix_and_pid_is_readable_after_release	false
live-dps	prro	prro::singleton_lock	lock_releases_on_drop_and_re_acquires_cleanly	false
live-dps	prro	prro::singleton_lock	locks_are_isolated_for_different_db_extensions_with_same_stem	false
live-dps	prro	prro::singleton_lock	second_acquisition_fails_with_already_running_message	false
live-dps	prro	prro::stage_finalize_idempotency	stage_finalize_double_invocation_idempotent_after_simulated_crash	false
live-dps	prro	prro::stage_offline_ack	all_non_offline_modes_refused_with_typed_node_not_offline	false
live-dps	prro	prro::stage_offline_ack	applied_happy_path_atomically_consumes_code_and_transitions	false
live-dps	prro	prro::stage_offline_ack	applied_path_works_with_closing_local_pending_drain_for_z_report	false
live-dps	prro	prro::stage_offline_ack	applied_path_works_with_going_offline_mode	false
live-dps	prro	prro::stage_offline_ack	applied_path_works_with_opened_local_pending_drain_for_return	false
live-dps	prro	prro::stage_offline_ack	applied_path_works_with_opened_local_pending_drain_for_sell	false
live-dps	prro	prro::stage_offline_ack	applied_path_works_with_opened_local_pending_drain_for_shift_open	false
live-dps	prro	prro::stage_offline_ack	cross_fn_doc_and_code_attribution_is_rejected	false
live-dps	prro	prro::stage_offline_ack	refusal_draining_session_returns_no_active_session	false
live-dps	prro	prro::stage_offline_ack	refusal_no_open_session_returns_typed_no_active_session	false
live-dps	prro	prro::stage_offline_ack	refusal_node_blocked_returns_typed_node_not_offline	false
live-dps	prro	prro::stage_offline_ack	refusal_node_going_online_returns_typed_node_not_offline	false
live-dps	prro	prro::stage_offline_ack	refusal_node_online_leaves_doc_and_code_untouched	false
live-dps	prro	prro::stage_offline_ack	refusal_sell_on_closing_local_pending_drain_returns_shift_not_opened	false
live-dps	prro	prro::stage_offline_ack	refusal_shift_closed_returns_typed_shift_not_opened	false
live-dps	prro	prro::stage_offline_ack	second_run_after_applied_returns_err_and_does_not_double_consume	false
live-dps	prro	prro::stage_offline_ack	sequential_two_docs_acquire_distinct_codes	false
live-dps	prro	prro::stage_offline_ack	unknown_doc_id_returns_typed_refused_doc_not_found	false
live-dps	prro	prro::stage_offline_ack	unstamped_signed_offline_doc_aborts_empty_pool	false
live-dps	prro	prro::stage_send_offline_doc_routed_online	offline_acquired_signed_doc_is_refused_before_wire	false
live-dps	prro	prro::stage_send_offline_doc_routed_online	online_signed_doc_is_not_refused_by_v7	false
live-dps	prro	prro::stage_send_signer_refused	stage_send_kvt1_state_with_null_shift_returns_state_conflict_not_signer_refused	false
live-dps	prro	prro::stage_send_signer_refused	stage_send_sent_state_with_null_shift_returns_state_conflict_not_signer_refused	false
live-dps	prro	prro::stage_send_signer_refused	stage_send_shift_close_bypasses_signer_check_even_on_mismatch	false
live-dps	prro	prro::stage_send_signer_refused	stage_send_shift_missing_returns_signer_refused	false
live-dps	prro	prro::stage_send_signer_refused	stage_send_signer_id_missing_returns_signer_refused	false
live-dps	prro	prro::stage_send_signer_refused	stage_send_signer_match_proceeds_to_wire_send	false
live-dps	prro	prro::stage_send_signer_refused	stage_send_signer_mismatch_returns_signer_refused_with_audit	false
live-dps	prro	prro::stage_send_signer_refused	stage_send_z_report_bypasses_signer_check	false
live-dps	prro	prro::stage_sign_w4_z1_aggregation	check_payload_with_percent_adjustment_preserves_percent_string	false
live-dps	prro	prro::stage_sign_w4_z1_aggregation	extended_check_json_carries_w4_z1_fields	false
live-dps	prro	prro::stage_sign_w4_z1_aggregation	minimal_check_json_still_parses_back_compat	false
live-dps	prro	prro::submit_authorized	sa01_valid_submit_fires_exactly_one_wire_and_returns_started_observation	false
live-dps	prro	prro::submit_authorized	sa02_envelope_rebind_is_refused_with_zero_wire	false
live-dps	prro	prro::submit_authorized	sa03_binding_mismatch_is_refused_with_zero_wire	false
live-dps	prro	prro::submit_authorized	sa04_non_check_sign_wire_field_tamper_is_refused_with_zero_wire	false
live-dps	prro	prro::t2_offline_close_reserve	pin1_pool2_no_begin_open_shift_offline_sell_refused_no_consume	false
live-dps	prro	prro::t2_offline_close_reserve	pin2_pool2_no_begin_offline_z_allowed_draws_reserve_closes_shift	false
live-dps	prro	prro::t2_offline_close_reserve	pin3_pool1_begin_present_sell_refused_z_allowed	false
live-dps	prro	prro::t2_offline_close_reserve	pin4_reserve_never_blocks_online_ops	false
live-dps	prro	prro::t2_offline_close_reserve	pin5_refusal_is_rowless_503_reserve_held_code	false
live-dps	prro	prro::t2_offline_close_reserve	pin6_no_active_session_bypasses_reserve_gate	false
live-dps	prro	prro::t3_auto_z_ticker	pin1_unconditional_auto_z_issues_durable_z_even_with_enforcement_off	false
live-dps	prro	prro::t3_auto_z_ticker	pin1b_under_24h_auto_z_not_due	false
live-dps	prro	prro::t3_auto_z_ticker	pin1c_auto_z_re_tick_is_idempotent	false
live-dps	prro	prro::t3_auto_z_ticker	pin1d_online_auto_z_issues_normal_z_to_ack	false
live-dps	prro	prro::t3_auto_z_ticker	pin1e_null_driver_reject_escalates_durably_never_silent	false
live-dps	prro	prro::t3_auto_z_ticker	pin7_teeth_auto_z_ignores_enforcement_toggle	false
live-dps	prro	prro::t3_auto_z_ticker	pin_auto_z_quiescence_pending_does_not_poison_then_closes_after_clear	false
live-dps	prro	prro::t3_time_budgets	pin2_offline_session_36h_sell_refused_z_allowed	false
live-dps	prro	prro::t3_time_budgets	pin3_month_168h_accumulator_and_rollover	false
live-dps	prro	prro::t3_time_budgets	pin3b_rollover_does_not_reset_running_36h_session	false
live-dps	prro	prro::t3_time_budgets	pin4_enforcement_off_admits_but_tracking_moves	false
live-dps	prro	prro::t3_time_budgets	pin5_budgets_survive_reboot_recompute_equals	false
live-dps	prro	prro::t3_time_budgets	pin6_backwards_clock_clamps_no_negative_no_failopen	false
live-dps	prro	prro::tax_resolution_snapshot	bps_to_decimal_string_2000_is_twenty	false
live-dps	prro	prro::tax_resolution_snapshot	bps_to_decimal_string_700_is_seven	false
live-dps	prro	prro::tax_resolution_snapshot	bps_to_decimal_string_75_is_zero_point_seven_five	false
live-dps	prro	prro::tax_resolution_snapshot	bps_to_decimal_string_pads_single_digit_fractional	false
live-dps	prro	prro::tax_resolution_snapshot	bps_to_decimal_string_zero	false
live-dps	prro	prro::tax_resolution_snapshot	bps_to_f64_2000_is_twenty	false
live-dps	prro	prro::tax_resolution_snapshot	bps_to_f64_700_is_seven	false
live-dps	prro	prro::tax_resolution_snapshot	bps_to_f64_75_is_zero_point_seven_five	false
live-dps	prro	prro::tax_resolution_snapshot	bps_to_f64_zero_is_zero	false
live-dps	prro	prro::tax_resolution_snapshot	empty_snapshot_has_empty_groups_stable_hash	false
live-dps	prro	prro::tax_resolution_snapshot	from_live_rates_accepts_10_05_percent	false
live-dps	prro	prro::tax_resolution_snapshot	from_live_rates_accepts_19_99_percent_pdv_reform_scenario	false
live-dps	prro	prro::tax_resolution_snapshot	from_live_rates_accepts_low_fractional_rates	false
live-dps	prro	prro::tax_resolution_snapshot	from_live_rates_nan_inf_rejected	false
live-dps	prro	prro::tax_resolution_snapshot	from_live_rates_negative_rejected	false
live-dps	prro	prro::tax_resolution_snapshot	from_live_rates_rejects_non_round_trippable	false
live-dps	prro	prro::tax_resolution_snapshot	from_live_rates_round_trip_validates	false
live-dps	prro	prro::tax_resolution_snapshot	pinned_hash_for_known_input_locks_canonical_format	false
live-dps	prro	prro::tax_resolution_snapshot	resolved_tax_group_type_still_exported_for_w4_z1_callers	false
live-dps	prro	prro::tax_resolution_snapshot	snapshot_canonical_bytes_sort_groups_by_tx_ascending	false
live-dps	prro	prro::tax_resolution_snapshot	to_calc_map_pipes_into_derive_check_tax_summaries	false
live-dps	prro	prro::tax_resolution_snapshot	to_calc_map_yields_resolved_tax_group_keyed_by_tx	false
live-dps	prro	prro::transition_state_atomicity	transition_state_post_contention_state_is_signed	false
live-dps	prro	prro::transition_state_atomicity	transition_state_two_concurrent_cas_one_applied_one_conflict	false
live-dps	prro	prro::turnover_counted_set	epz_count_and_sum_select_the_same_turnover_set	false
live-dps	prro	prro::turnover_counted_set	inv21_admits_a_return_while_the_backlog_doc_is_mid_drain	false
live-dps	prro	prro::turnover_counted_set	inv21_still_refuses_over_a_genuinely_empty_drawer	false
live-dps	prro	prro::turnover_counted_set	offline_cash_leg_survives_the_drain_transit	false
live-dps	prro	prro::turnover_counted_set	online_cash_leg_counts_from_sent_not_ack	false
live-dps	prro	prro::turnover_counted_set	shift_aggregate_keeps_the_sell_leg_through_transit	false
live-dps	prro	prro::turnover_counted_set	x5o_cancelled_and_rmr_and_rejected_stay_out_of_turnover	false
live-dps	prro	prro::turnover_counted_set	z_quiescence_sees_every_newly_counted_state	false
live-dps	prro	prro::tx_with_immediate_lock	rollback_on_commit_failure_keeps_pool_clean	false
live-dps	prro	prro::tx_with_immediate_lock	rollback_on_error_removes_inserted_row	false
live-dps	prro	prro::tx_with_immediate_lock	two_writers_serialize	false
live-dps	prro	prro::w4_z2a_emit_integration	check_payload_from_field_aware_miss_surfaces_tax_group_2_discriminator	false
live-dps	prro	prro::w4_z2a_emit_integration	check_payload_from_translates_both_tax_group_1_and_tax_group_2_to_canonical	false
live-dps	prro	prro::w4_z2a_emit_integration	driver_5_translates_to_canonical_1	false
live-dps	prro	prro::w4_z2a_emit_integration	driver_mapping_translates_both_tax_group_1_and_tax_group_2	false
live-dps	prro	prro::w4_z2a_emit_integration	driver_unknown_returns_none_for_fail_loud	false
live-dps	prro	prro::w4_z2a_emit_integration	empty_driver_mapping_yields_identity	false
live-dps	prro	prro::w4_z2a_emit_integration	insert_get_by_id_preserves_to_calc_map_byte_identically	false
live-dps	prro	prro::w4_z2a_emit_integration	insert_or_get_id_is_idempotent_under_same_payload	false
live-dps	prro	prro::w4_z2a_emit_integration	none_snapshot_unwrap_or_default_yields_empty_map	false
live-dps	prro	prro::w4_z2a_emit_integration	snapshot_self_inconsistent_mapping_to_missing_canonical_is_detectable	false
live-dps	prro	prro::w4_z2a_emit_integration	snapshot_to_calc_map_matches_extended_goldens_shape	false
live-dps	prro	prro::w4_z2a_recovery_determinism	admin_config_change_creates_new_row_old_row_unchanged	false
live-dps	prro	prro::w4_z2a_recovery_determinism	mac_recovery_reload_returns_pinned_snapshot_not_latest	false
live-dps	prro	prro::w4_z2a_recovery_determinism	to_calc_map_byte_identical_across_admin_mutation	false
live-dps	prro	prro::webcheck_corpus_scan	committed_corpus_is_clean_and_hash_consistent	false
live-dps	prro	prro::webcheck_corpus_scan	scanner_catches_each_leak_class	false
live-dps	prro	prro::webcheck_corpus_scan	scanner_catches_hash_mismatch	false
live-dps	prro	prro::webcheck_corpus_scan	scanner_does_not_flag_synthetic_fn_or_epoch	false
live-dps	prro	prro::webcheck_replay	c8_is_issued_online_sent_arm_keys_on_server_fiscal_no	false
live-dps	prro	prro::webcheck_replay	cancel_edge_replays_partial_clean	false
live-dps	prro	prro::webcheck_replay	o3_normalized_structural_on_sells	false
live-dps	prro	prro::webcheck_replay	offline_session_drain_replays_clean	false
live-dps	prro	prro::webcheck_replay	online_sell_run_replays_clean	false
live-dps	prro	prro::webcheck_replay	teeth_injected_chain_break_is_caught	false
live-dps	prro	prro::webcheck_replay	teeth_injected_lnd_gap_is_caught	false
live-dps	prro	prro::webcheck_replay	teeth_injected_state_class_is_caught	false
live-dps	prro	prro::webcheck_replay	z_report_is_exported_not_replayed	false
live-dps	prro	prro::with_immediate_no_foreign_io	case_1_send_chk_observed_inside_closure_is_caught	false
live-dps	prro	prro::with_immediate_no_foreign_io	case_1_substrate_method_inside_closure_is_caught	false
live-dps	prro	prro::with_immediate_no_foreign_io	case_1_substrate_method_saved_then_awaited_is_caught	false
live-dps	prro	prro::with_immediate_no_foreign_io	case_1_ufcs_substrate_call_is_caught	false
live-dps	prro	prro::with_immediate_no_foreign_io	case_3_block_in_place_inside_closure_is_caught	false
live-dps	prro	prro::with_immediate_no_foreign_io	case_3_non_inline_closure_argument_is_flagged	false
live-dps	prro	prro::with_immediate_no_foreign_io	case_3_spawn_blocking_inside_closure_is_caught	false
live-dps	prro	prro::with_immediate_no_foreign_io	production_src_has_no_foreign_io_inside_with_immediate	false
live-dps	prro	prro::with_immediate_no_foreign_io	substrate_call_outside_with_immediate_is_not_flagged	false
live-dps	prro	prro::with_immediate_runtime_guard	case_2_indirect_substrate_call_via_helper_panics	false
live-dps	prro	prro::with_immediate_runtime_guard	case_4_direct_substrate_entry_positive_control	false
live-dps	prro	prro::with_immediate_runtime_guard	case_5_substrate_call_outside_with_immediate_does_not_panic	false
live-dps	prro	prro::write_path_deterministic_replay	a1z_non_z_consistently_corrupted_payload_is_drift	false
live-dps	prro	prro::write_path_deterministic_replay	a1z_source_aware_shift_close_payload_difference_is_not_drift	false
live-dps	prro	prro::write_path_deterministic_replay	a1z_source_aware_z_payload_difference_is_not_drift	false
live-dps	prro	prro::write_path_deterministic_replay	a1z_tampered_aggregated_payload_is_drift	false
live-dps	prro	prro::write_path_deterministic_replay	a1z_tampered_source_hash_is_drift	false
live-dps	prro	prro::write_path_deterministic_replay	a1z_z_inbox_wire_payload_tampered_is_drift	false
live-dps	prro	prro::write_path_deterministic_replay	concurrent_reconcile_pending_with_same_app_serializes	false
live-dps	prro	prro::write_path_deterministic_replay	fixture_15_tip_guard_skipped_after_answered_send	false
live-dps	prro	prro::write_path_deterministic_replay	fixture_1_prepared_crash_replays_to_sent_via_sign_send_chain	false
live-dps	prro	prro::write_path_deterministic_replay	fixture_1b_prepared_replay_drift_holds_with_critical_audit	false
live-dps	prro	prro::write_path_deterministic_replay	fixture_1c_prepared_replay_payload_json_drift_holds	false
live-dps	prro	prro::write_path_deterministic_replay	fixture_2_signed_crash_replays_to_sent_one_send_chk	false
live-dps	prro	prro::write_path_deterministic_replay	fixture_3_sending_crash_pattern_b_no_resend	false
live-dps	prro	prro::write_path_deterministic_replay	fixture_3b_sending_crash_after_transient_retry_second_boot_no_resend	false
live-dps	prro	prro::write_path_deterministic_replay	fixture_4_sent_last_chk_match_advances_to_kvt1	false
live-dps	prro	prro::write_path_deterministic_replay	fixture_5_sent_last_chk_mismatch_to_manual_reconciliation	false
live-dps	prro	prro::write_path_deterministic_replay	fixture_5b_sent_mismatch_superseded_is_not_terminalised	false
live-dps	prro	prro::write_path_deterministic_replay	fixture_6_sent_last_chk_notfound_escalates_manual_with_stop	false
live-dps	prro	prro::write_path_deterministic_replay	fixture_7_kvt1_crash_passive_hold_no_dps	false
live-dps	prro	prro::write_path_deterministic_replay	fixture_8_kvt2_crash_no_dps_query	false
live-dps	prro	prro::write_path_deterministic_replay	fixture_9_error_retryable_retries_without_mac_counter_burn	false
live-dps	prro	prro::write_path_deterministic_replay	fixture_9b_er_fn_config_error_escalates_to_manual_reconciliation	false
live-dps	prro	prro::write_path_deterministic_replay	fixture_9c_er_probe_required_defers_with_audit	false
live-dps	prro	prro::write_path_deterministic_replay	fixture_9d_er_indeterminate_retry_class_defers_with_audit	false
live-dps	prro	prro::write_path_deterministic_replay	fixture_9e_er_terminal_reject_escalates_critical	false
live-dps	prro	prro::write_path_deterministic_replay	fixture_9f_resolver_none_defers_with_audit	false
live-dps	prro	prro::write_path_deterministic_replay	fixture_9g_er_transient_retry_budget_exhausted_escalates	false
live-dps	prro	prro::write_path_deterministic_replay	fixture_9h_er_latest_unfinished_trace_holds_no_send	false
live-dps	prro	prro::write_path_deterministic_replay	m2_n4_boot_foreign_tip_is_manual_not_superseded	false
live-dps	prro	prro::write_path_deterministic_replay	multi_fn_reconcile_pending_with_resolves_runtime_per_fn	false
live-dps	prro	prro::write_path_dispatcher_post_sign	blocked_mode_returns_typed_node_blocked_refusal	false
live-dps	prro	prro::write_path_dispatcher_post_sign	crypto_degraded_mode_returns_typed_node_crypto_degraded_refusal	false
live-dps	prro	prro::write_path_dispatcher_post_sign	going_offline_mode_routes_to_stage_offline_ack_applied	false
live-dps	prro	prro::write_path_dispatcher_post_sign	going_online_mode_returns_typed_node_going_online_refusal	false
live-dps	prro	prro::write_path_dispatcher_post_sign	missing_node_state_returns_blocked_refusal	false
live-dps	prro	prro::write_path_dispatcher_post_sign	offline_branch_does_not_create_transport_trace_or_send_audit	false
live-dps	prro	prro::write_path_dispatcher_post_sign	offline_mode_routes_to_stage_offline_ack_applied	false
live-dps	prro	prro::write_path_dispatcher_post_sign	online_mode_routes_to_online_no_side_effects	false
live-dps	prro	prro::write_path_dispatcher_post_sign	stop_mode_returns_typed_node_stop_mode_refusal	false
live-dps	prro	prro::write_path_dps_error_routing	fx01_transport_routes_to_error_retryable_with_transient_class	false
live-dps	prro	prro::write_path_dps_error_routing	fx02_authorization_document_reject_routes_to_terminal_rejected	false
live-dps	prro	prro::write_path_dps_error_routing	fx03_authorization_fn_not_registered_minus_13_routes_to_fn_config_error	false
live-dps	prro	prro::write_path_dps_error_routing	fx04_authorization_fn_not_registered_minus_14_routes_to_fn_config_error	false
live-dps	prro	prro::write_path_dps_error_routing	fx05_decode_routes_to_probe_required_with_decode_unknown_hint	false
live-dps	prro	prro::write_path_dps_error_routing	fx06_not_found_on_live_routes_to_wrapper_bug_critical	false
live-dps	prro	prro::write_path_dps_error_routing	fx07_server_fiscal_id_mismatch_routes_to_wrapper_bug_distinct_event	false
live-dps	prro	prro::write_path_dps_error_routing	fx08_query_not_supported_on_live_routes_to_wrapper_bug_critical	false
live-dps	prro	prro::write_path_dps_error_routing	fx09_internal_routes_to_wrapper_bug_critical	false
live-dps	prro	prro::write_path_dps_error_routing	fx10_server_minus_2_non_shift_routes_to_terminal_rejected	false
live-dps	prro	prro::write_path_dps_error_routing	fx11_server_minus_2_close_shift_routes_to_probe_required	false
live-dps	prro	prro::write_path_dps_error_routing	fx12_server_minus_3_routes_to_transient_retry	false
live-dps	prro	prro::write_path_dps_error_routing	fx13_server_minus_5_routes_to_terminal_rejected	false
live-dps	prro	prro::write_path_dps_error_routing	fx14_server_minus_6_routes_to_operator_escalation	false
live-dps	prro	prro::write_path_dps_error_routing	fx15_server_minus_7_to_minus_10_xml_class_routes_to_terminal	false
live-dps	prro	prro::write_path_dps_error_routing	fx16_server_minus_11_routes_to_rejected_and_flips_node_blocked	false
live-dps	prro	prro::write_path_dps_error_routing	fx18_server_minus_15_non_shift_routes_to_terminal_rejected	false
live-dps	prro	prro::write_path_dps_error_routing	fx19_server_minus_15_close_shift_routes_to_probe_required	false
live-dps	prro	prro::write_path_dps_error_routing	fx20_server_minus_16_m3a_routes_to_rejected_alert	false
live-dps	prro	prro::write_path_dps_error_routing	fx21_pattern_b_retry_path_spy_observes_sending_marker_then_error_retryable	false
live-dps	prro	prro::write_path_dps_error_routing	slice_e_close_shift_probe_unifies_minus_2_and_minus_15	false
live-dps	prro	prro::write_path_inline	acquire_rejected_maps_only_no_double_terminalise	false
live-dps	prro	prro::write_path_inline	blocked_node_is_offline_refused_and_inbox_terminal	false
live-dps	prro	prro::write_path_inline	build_reject_terminalises_pre_acquire	false
live-dps	prro	prro::write_path_inline	dps_hard_reject_is_dps_rejected_and_terminalises_inbox	false
live-dps	prro	prro::write_path_inline	lastchk_drift_terminalises_inbox_and_leaves_doc_sent	false
live-dps	prro	prro::write_path_inline	noop_resolves_accepted_truth_from_ledger	false
live-dps	prro	prro::write_path_inline	offline_no_code_aborts_begin_and_returns_retryable_refusal	false
live-dps	prro	prro::write_path_inline	offline_no_session_is_internal_500_and_terminalises_inbox	false
live-dps	prro	prro::write_path_inline	offline_sell_is_offline_local_ack_success	false
live-dps	prro	prro::write_path_inline	online_return_reaches_ack	false
live-dps	prro	prro::write_path_inline	online_sell_lastchk_hold_returns_sent_in_progress	false
live-dps	prro	prro::write_path_inline	online_sell_reaches_ack	false
live-dps	prro	prro::write_path_inline	online_sell_transient_send_returns_in_progress	false
live-dps	prro	prro::write_path_inline	online_shift_open_reaches_ack	false
live-dps	prro	prro::write_path_inline	online_shift_open_while_open_is_shift_already_open	false
live-dps	prro	prro::write_path_inline	online_z_report_closes_shift_reaches_ack	false
live-dps	prro	prro::write_path_inline	online_z_report_no_open_shift_is_shift_not_open	false
live-dps	prro	prro::write_path_inline	online_z_report_quiescence_pending_is_503_and_rejects_inbox	false
live-dps	prro	prro::write_path_inline	sell_dps_reject_does_not_escalate_shift	false
live-dps	prro	prro::write_path_inline	sign_crypto_failure_is_sign_failure_and_terminalises_inbox	false
live-dps	prro	prro::write_path_inline	z_report_dps_reject_escalates_shift_to_manual_recon	false
live-dps	prro	prro::write_path_stage1_acquire	e_acquire_premint_refused_when_non_issued_sibling_rests	false
live-dps	prro	prro::write_path_stage1_acquire	stage1_command_inbox_doc_type_mismatch_rejects_no_doc_no_lnd	false
live-dps	prro	prro::write_path_stage1_acquire	stage1_command_inbox_hash_mismatch_rejects_no_doc_no_lnd	false
live-dps	prro	prro::write_path_stage1_acquire	stage1_concurrent_writers_lnd_monotonic	false
live-dps	prro	prro::write_path_stage1_acquire	stage1_lease_miss_returns_noop_no_state_mutation_no_audit	false
live-dps	prro	prro::write_path_stage1_acquire	stage1_missing_profile_binding_rejects_inbox_no_doc_no_lnd	false
live-dps	prro	prro::write_path_stage1_acquire	stage1_node_blocked_rejects_with_audit	false
live-dps	prro	prro::write_path_stage1_acquire	stage1_node_crypto_degraded_rejects_with_audit	false
live-dps	prro	prro::write_path_stage1_acquire	stage1_node_going_online_rejects_with_audit	false
live-dps	prro	prro::write_path_stage1_acquire	stage1_node_stop_mode_rejects_with_audit	false
live-dps	prro	prro::write_path_stage1_acquire	stage1_offline_op_on_online_channel_with_pending_drain_refused	false
live-dps	prro	prro::write_path_stage1_acquire	stage1_offline_op_on_opened_local_pending_drain_missing_shift_id_is_invariant_breach	false
live-dps	prro	prro::write_path_stage1_acquire	stage1_offline_sell_on_opened_local_pending_drain_carries_shift_id	false
live-dps	prro	prro::write_path_stage1_acquire	stage1_resume_detect_existing_prepared_doc_skips_lnd_alloc	false
live-dps	prro	prro::write_path_stage1_acquire	stage1_sale_on_closing_local_pending_drain_refused	false
live-dps	prro	prro::write_path_stage1_acquire	stage1_sell_happy_path_with_opened_shift	false
live-dps	prro	prro::write_path_stage1_acquire	stage1_sell_with_closed_shift_rejects_inbox_no_doc	false
live-dps	prro	prro::write_path_stage1_acquire	stage1_shift_close_on_opened_local_pending_drain_online_refused	false
live-dps	prro	prro::write_path_stage1_acquire	stage1_shift_close_with_opened_shift_proceeds	false
live-dps	prro	prro::write_path_stage1_acquire	stage1_shift_invariant_violation_caught	false
live-dps	prro	prro::write_path_stage1_acquire	stage1_shift_open_against_error_state_rejects_as_shift_in_error	false
live-dps	prro	prro::write_path_stage1_acquire	stage1_shift_open_happy_path_with_closed_state	false
live-dps	prro	prro::write_path_stage1_acquire	stage1_shift_open_on_closing_local_pending_drain_refused	false
live-dps	prro	prro::write_path_stage1_acquire	stage1_terminal_existing_doc_rejects_not_resumed	false
live-dps	prro	prro::write_path_stage1_acquire	stage1_unique_fn_lnd_collision_fails_closed	false
live-dps	prro	prro::write_path_stage1_acquire	stage1_z_report_on_opened_local_pending_drain_online_refused	false
live-dps	prro	prro::write_path_stage3_sign	d5gate_sign_blocked_by_older_online_er_sibling	false
live-dps	prro	prro::write_path_stage3_sign	d5gate_sign_boot_path_bypassing_acquire_still_gated	false
live-dps	prro	prro::write_path_stage3_sign	d5gate_sign_lnd_order_head_passes_tail_gated	false
live-dps	prro	prro::write_path_stage3_sign	d5gate_sign_self_exclusion_head_passes	false
live-dps	prro	prro::write_path_stage3_sign	d5gate_sign_transparent_for_kvt1	false
live-dps	prro	prro::write_path_stage3_sign	d5gate_sign_transparent_for_offline_er	false
live-dps	prro	prro::write_path_stage3_sign	d5gate_sign_transparent_for_offline_local_ack_backlog	false
live-dps	prro	prro::write_path_stage3_sign	d5gate_sign_transparent_for_sent_hold	false
live-dps	prro	prro::write_path_stage3_sign	stage3_crypto_error_sell_pinned_no_z_advance_no_files	false
live-dps	prro	prro::write_path_stage3_sign	stage3_crypto_error_zreport_pinned_z_advanced_no_files	false
live-dps	prro	prro::write_path_stage3_sign	stage3_first_doc_no_seed_then_seed_appears_retry_signs_with_empty_prev_hash	false
live-dps	prro	prro::write_path_stage3_sign	stage3_happy_path_sell	false
live-dps	prro	prro::write_path_stage3_sign	stage3_persist_rollback_on_post_sign_db_error	false
live-dps	prro	prro::write_path_stage3_sign	stage3_runtime_byte_equiv_zn_zero_for_nonz_artifact	false
live-dps	prro	prro::write_path_stage3_sign	stage3_stale_workercontext_returns_state_conflict_no_pin_no_z_alloc	false
live-dps	prro	prro::write_path_stage3_sign	stage3_unsupported_doc_type_rejects_before_pin_no_z_no_sign	false
live-dps	prro	prro::write_path_stage3_sign	stage3_z_allocation_for_both_internal_labels	false
live-dps	prro	prro::write_path_stage3_sign	stage3_z_retry_reuses_persisted_z_number	false
live-dps	prro	prro::write_path_stage4_send	decode_status_zero_routes_to_probe_required_with_decode_unknown_hint	false
live-dps	prro	prro::write_path_stage4_send	document_missing_returns_outcome_with_zero_wire_calls	false
live-dps	prro	prro::write_path_stage4_send	empty_server_fiscal_no_routes_to_typed_error_no_4b_persist	false
live-dps	prro	prro::write_path_stage4_send	fn_config_minus_13_routes_to_error_retryable_with_fn_config_class	false
live-dps	prro	prro::write_path_stage4_send	happy_sent_full_pattern_b_round_trip	false
live-dps	prro	prro::write_path_stage4_send	minus_12_bad_hash_prev_records_held_stop_no_second_wire	false
live-dps	prro	prro::write_path_stage4_send	missing_node_state_refused_pre_wire_p3_zero_wire	false
live-dps	prro	prro::write_path_stage4_send	online_predecessor_drift_refuses_authorize_zero_wire	false
live-dps	prro	prro::write_path_stage4_send	pattern_b_ordering_spy_observes_committed_sending_before_send_chk	false
live-dps	prro	prro::write_path_stage4_send	rerun_on_non_allowlisted_states_short_circuits_with_zero_wire_calls	false
live-dps	prro	prro::write_path_stage4_send	rerun_on_sent_state_conflict_short_circuits_with_zero_wire_calls	false
live-dps	prro	prro::write_path_stage4_send	server_minus_11_routes_to_rejected_and_flips_node_to_blocked	false
live-dps	prro	prro::write_path_stage4_send	signed_xml_missing_surfaces_typed_error_no_state_mutation	false
live-dps	prro	prro::write_path_stage4_send	terminal_reject_routes_to_rejected_no_server_fiscal_no	false
live-dps	prro	prro::write_path_stage4_send	terminal_server_minus_5_routes_to_rejected_critical_audit	false
live-dps	prro	prro::write_path_stage4_send	transport_error_holds_stop_preserves_attempt_at	false
live-dps	prro	prro::write_path_stage4_send	w9a_offline_drain_wire_envelope_carries_id_offline_stringified	false
live-dps	prro	prro::write_path_stage4_send	w9a_offline_local_ack_to_sending_drives_through_4_pre	false
live-dps	prro	prro::write_path_stage4_send	w9a_offline_local_ack_with_non_positive_offline_fiscal_no_surfaces_typed_error	false
live-dps	prro	prro::write_path_stage4_send	w9a_offline_local_ack_with_null_offline_fiscal_no_surfaces_typed_error	false
live-dps	prro	prro::write_path_stage4_send	w9a_online_signed_wire_envelope_id_offline_is_empty	false
live-dps	prro	prro::write_path_stage4_send	whitelist_4pre_source_states_regression_guard	false
live-dps	prro	prro::write_path_stage5_finalize	concurrent_finalize_yields_one_acked_and_one_already_acked	false
live-dps	prro	prro::write_path_stage5_finalize	document_missing_returns_outcome_not_error	false
live-dps	prro	prro::write_path_stage5_finalize	finalize_does_not_advance_seed_from_genesis_null	false
live-dps	prro	prro::write_path_stage5_finalize	finalize_does_not_advance_seed_offline_origin_lane	false
live-dps	prro	prro::write_path_stage5_finalize	finalize_skips_seed_guard_at_genesis_boundary	false
live-dps	prro	prro::write_path_stage5_finalize	finalize_skips_when_seed_already_advanced_nongenesis	false
live-dps	prro	prro::write_path_stage5_finalize	finalize_succeeds_with_node_state_absent_no_seed_dependency	false
live-dps	prro	prro::write_path_stage5_finalize	inbox_done_missing_typed_error_full_rollback	false
live-dps	prro	prro::write_path_stage5_finalize	inbox_status_done_atomic_with_state_transition	false
live-dps	prro	prro::write_path_stage5_finalize	kvt2_to_ack_happy_path	false
live-dps	prro	prro::write_path_stage5_finalize	non_kvt2_state_short_circuits_no_seed_advance	false
live-dps	prro	prro::write_path_stage5_finalize	outbox_row_inserted_inside_lock_no_publish_yet	false
live-dps	prro	prro::write_path_stage5_finalize	rerun_on_ack_is_idempotent_no_op	false
live-dps	prro	prro::write_path_stage5_finalize	unsigned_xml_sha_missing_typed_error_full_rollback	false
live-dps	prro	prro::write_path_stage5_finalize	whitelist_kvt2_ack_regression_guard	false
live-dps	prro	prro::write_tx_conn_compile_fail	write_tx_conn_seal_compile_fail	false
live-dps	prro	prro::x1_stuck_doc_guard	x1_guard_flags_stuck_signed_on_settled_offline_fn	false
live-dps	prro	prro::x1_stuck_doc_guard	x1_guard_ignores_doc_recovery_advanced	false
live-dps	prro	prro::x1_stuck_doc_guard	x1_guard_mode_gates_blocked_fn	false
live-dps	prro	prro::xml_w4_z1_audit3_fixes	calc_tax_dtpr_minus_100_for_txal_2_yields_typed_error	false
live-dps	prro	prro::xml_w4_z1_audit3_fixes	calc_tax_huge_finite_txpr_overflow_yields_typed_error	false
live-dps	prro	prro::xml_w4_z1_audit3_fixes	calc_tax_txpr_minus_100_yields_typed_error_not_panic	false
live-dps	prro	prro::xml_w4_z1_audit3_fixes	check_level_adjustment_empty_applies_auto_fills_all_p_item_numbers	false
live-dps	prro	prro::xml_w4_z1_audit3_fixes	check_level_adjustment_subset_applies_uses_caller_values	false
live-dps	prro	prro::xml_w4_z1_audit3_fixes	check_level_zero_sum_adjustment_is_skipped_no_counter_advance	false
live-dps	prro	prro::xml_w4_z1_audit3_fixes	per_item_zero_sum_adjustment_is_skipped_no_counter_advance	false
live-dps	prro	prro::xml_w4_z1_audit4_fixes	arithmetic_overflow_returns_intermediate_overflow_not_rate_invalid	false
live-dps	prro	prro::xml_w4_z1_audit4_fixes	check_level_adjustment_with_zero_items_is_skipped_no_orphan	false
live-dps	prro	prro::xml_w4_z1_audit4_fixes	check_level_with_override_subset_emits_even_with_zero_items	false
live-dps	prro	prro::xml_w4_z1_audit4_fixes	nan_input_returns_invalid_rate	false
live-dps	prro	prro::xml_w4_z1_audit4_fixes	negative_rate_returns_invalid_rate_not_overflow	false
live-dps	prro	prro::xml_w4_z1_audit4_fixes	override_subset_with_invalid_n_is_rejected	false
live-dps	prro	prro::xml_w4_z1_audit4_fixes	override_subset_with_valid_ns_succeeds	false
live-dps	prro	prro::xml_w4_z1_audit4_fixes	percent_mode_adjustment_with_zero_base_emits_not_skipped	false
live-dps	prro	prro::xml_w4_z1_audit4_fixes	percent_mode_adjustment_with_zero_rate_is_skipped	false
live-dps	prro	prro::xml_w4_z1_audit4_fixes	value_mode_zero_sum_still_skipped	false
live-dps	prro	prro::xml_w4_z1_audit5_fixes	aggregation_overflow_returns_typed_error_not_panic	false
live-dps	prro	prro::xml_w4_z1_audit5_fixes	empty_map_with_no_tax_grouped_items_succeeds_back_compat	false
live-dps	prro	prro::xml_w4_z1_audit5_fixes	fail_closed_when_items_carry_tax_group_but_map_is_empty	false
live-dps	prro	prro::xml_w4_z1_audit5_fixes	renamed_helper_has_check_semantics_skip_on_unknown	false
live-dps	prro	prro::xml_w4_z1_audit5_fixes	z_report_canonical_doc_populates_aggregations_when_payload_provides_them	true
live-dps	prro	prro::xml_w4_z1_check_item_extension	check_item_with_barcode_emits_cd_attr	false
live-dps	prro	prro::xml_w4_z1_check_item_extension	check_item_with_dual_tax_emits_tx1_attr	false
live-dps	prro	prro::xml_w4_z1_check_item_extension	check_item_with_excise_stamps_emits_ca_children	false
live-dps	prro	prro::xml_w4_z1_check_item_extension	check_item_with_pdv_not_object_emits_tx_negative_one	false
live-dps	prro	prro::xml_w4_z1_check_item_extension	check_item_with_per_item_discount_emits_d_sibling_with_ni	false
live-dps	prro	prro::xml_w4_z1_check_item_extension	check_item_with_per_item_percent_discount_emits_pr_attr	false
live-dps	prro	prro::xml_w4_z1_check_item_extension	check_item_with_per_item_surcharge_emits_s_sibling	false
live-dps	prro	prro::xml_w4_z1_check_item_extension	check_item_with_tax_group_1_emits_tx_attr	false
live-dps	prro	prro::xml_w4_z1_check_item_extension	check_item_with_uktzed_emits_czd_attr	false
live-dps	prro	prro::xml_w4_z1_check_item_extension	minimal_check_item_still_emits_required_attrs_only	false
live-dps	prro	prro::xml_w4_z1_check_level_adjustments	check_level_adjustment_emits_before_payments	false
live-dps	prro	prro::xml_w4_z1_check_level_adjustments	check_level_percent_discount_emits_pr_attr	false
live-dps	prro	prro::xml_w4_z1_check_level_adjustments	check_level_surcharge_emits_s_tr_1	false
live-dps	prro	prro::xml_w4_z1_check_level_adjustments	check_level_value_discount_emits_d_tr_1_with_ni_children	false
live-dps	prro	prro::xml_w4_z1_check_level_adjustments	check_with_no_adjustments_emits_no_check_level_d_or_s	false
live-dps	prro	prro::xml_w4_z1_check_payment_extension	cash_payment_with_change_emits_rm_attr	false
live-dps	prro	prro::xml_w4_z1_check_payment_extension	cash_payment_with_rounding_emits_smp_attr	false
live-dps	prro	prro::xml_w4_z1_check_payment_extension	cashless_payment_with_full_epz_slip_emits_all_attrs	false
live-dps	prro	prro::xml_w4_z1_check_payment_extension	minimal_cash_payment_emits_required_attrs_only	false
live-dps	prro	prro::xml_w4_z1_check_payment_extension	payment_attrs_in_alphabetical_order	false
live-dps	prro	prro::xml_w4_z1_check_payment_extension	payment_with_zero_commission_pf_still_emits_if_some_zero	false
live-dps	prro	prro::xml_w4_z1_header_footer_lines	check_with_footer_lines_emits_l_after_payments_before_e	false
live-dps	prro	prro::xml_w4_z1_header_footer_lines	check_with_header_lines_emits_l_before_items	false
live-dps	prro	prro::xml_w4_z1_header_footer_lines	check_with_no_text_lines_emits_no_l_elements	false
live-dps	prro	prro::xml_w4_z1_header_footer_lines	cyrillic_text_lines_emit_through_cp1251	false
live-dps	prro	prro::xml_w4_z1_header_footer_lines	empty_and_whitespace_lines_are_skipped_and_do_not_consume_n	false
live-dps	prro	prro::xml_w4_z1_header_footer_lines	header_and_footer_share_continuous_n_numbering_with_items	false
live-dps	prro	prro::xml_w4_z1_python_buffer_ordering	adjustments_vec_preserves_input_order_d_or_s_mixed	false
live-dps	prro	prro::xml_w4_z1_python_buffer_ordering	cross_piece_n_counter_full_pipeline	false
live-dps	prro	prro::xml_w4_z1_python_buffer_ordering	p_elements_emit_before_d_siblings_python_buffer_order	false
live-dps	prro	prro::xml_w4_z1_python_buffer_ordering	per_item_d_carries_n_value_from_inline_counter_increment	false
live-dps	prro	prro::xml_w4_z1_tax_summaries	calc_tax_nan_and_inf_rates_are_guarded_no_panic	false
live-dps	prro	prro::xml_w4_z1_tax_summaries	calc_tax_txal_0_banker_half_to_even_at_boundary	false
live-dps	prro	prro::xml_w4_z1_tax_summaries	calc_tax_txal_0_non_boundary_unchanged	false
live-dps	prro	prro::xml_w4_z1_tax_summaries	calc_tax_txal_0_vat_included_20_percent	false
live-dps	prro	prro::xml_w4_z1_tax_summaries	calc_tax_txal_0_with_zero_rate	false
live-dps	prro	prro::xml_w4_z1_tax_summaries	calc_tax_txal_1_excise_pre_vat	false
live-dps	prro	prro::xml_w4_z1_tax_summaries	calc_tax_txal_2_excise_post_vat	false
live-dps	prro	prro::xml_w4_z1_tax_summaries	calc_tax_txal_3_returns_unsupported_algorithm_error	false
live-dps	prro	prro::xml_w4_z1_tax_summaries	calc_tax_unknown_txal_also_errors	false
live-dps	prro	prro::xml_w4_z1_tax_summaries	empty_tax_summaries_emits_no_tx_inside_e	false
live-dps	prro	prro::xml_w4_z1_tax_summaries	multiple_tax_summaries_emit_sorted_by_stringified_tx	false
live-dps	prro	prro::xml_w4_z1_tax_summaries	tax_summaries_stringified_sort_handles_dual_digit_tx	false
live-dps	prro	prro::xml_w4_z1_tax_summaries	tax_summary_emits_tx_child_inside_e_with_alphabetical_attrs	false
live-dps	prro	prro::xml_w4_z1_z_report_aggregations	empty_optional_sections_emit_no_txs_io_epz	false
live-dps	prro	prro::xml_w4_z1_z_report_aggregations	epz_emits_single_element_with_three_attrs	false
live-dps	prro	prro::xml_w4_z1_z_report_aggregations	io_emits_one_element_per_service_sum_sorted_by_name	false
live-dps	prro	prro::xml_w4_z1_z_report_aggregations	txs_full_form_emits_all_attrs_alphabetical	false
live-dps	prro	prro::xml_w4_z1_z_report_aggregations	txs_short_form_emits_only_smi_smo_tx	false
live-dps	prro	prro::xml_w4_z1_z_report_aggregations	txs_stringified_sort_handles_dual_digit_tx	false
live-dps	prro	prro::xml_w4_z1_z_report_aggregations	z_report_section_ordering_matches_python	false
live-dps	prro	prro::z_builder	builds_shift_close_as_z_doc_type	false
live-dps	prro	prro::z_builder	builds_z_report_with_divergent_dual_hash	false
live-dps	prro	prro::z_builder	rejects_blank_business_ts	false
live-dps	prro	prro::z_builder	rejects_mismatched_aggregated_hash	false
live-dps	prro	prro::z_builder	rejects_missing_driver_id	false
live-dps	prro	prro::z_builder	rejects_non_z_operation	false
live-dps	prro	prro::z_builder	rejects_wire_source_hash_mismatch	false
live-dps	prro	prro::z_builder	z_live_dispatch_is_gated_until_full_z_surface	false
live-dps	prro	prro::z_quiescence	aggregate_for_shift_uses_the_explicit_shift_not_current	false
live-dps	prro	prro::z_quiescence	clear_when_only_issued_receipts	false
live-dps	prro	prro::z_quiescence	kvt2_behind_an_earlier_blocker_is_not_finalized	false
live-dps	prro	prro::z_quiescence	kvt2_finalized_but_other_pending_blocks	false
live-dps	prro	prro::z_quiescence	kvt2_is_finalized_inline_then_clear_and_counted	false
live-dps	prro	prro::z_quiescence	offline_local_ack_is_non_blocking_and_counted	false
live-dps	prro	prro::z_quiescence	offline_origin_rmr_does_not_block_quiescence	false
live-dps	prro	prro::z_quiescence	offline_z_close_quiesces_clear_over_own_shift_undrained_ola_backlog	false
live-dps	prro	prro::z_quiescence	pending_for_every_non_kvt2_blocking_state	false
live-dps	prro	prro::z_quiescence	post_sent_online_rmr_blocks_quiescence	false
live-dps	prro	prro::z_quiescence	rejected_and_cancelled_do_not_block	false
live-dps	prro-domain	prro-domain	delivery::evidence::tests::accepted_carries_exact_fiscal_number	false
live-dps	prro-domain	prro-domain	delivery::evidence::tests::hydration_fails_loud_on_garbage	false
live-dps	prro-domain	prro-domain	delivery::evidence::tests::roundtrip_all_eleven_leaves	false
live-dps	prro-domain	prro-domain	ids::cashier_id_tests::from_str_roundtrip	false
live-dps	prro-domain	prro-domain	ids::cashier_id_tests::new_accepts_typical_handle	false
live-dps	prro-domain	prro-domain	ids::cashier_id_tests::new_rejects_empty	false
live-dps	prro-domain	prro-domain	ids::cashier_id_tests::new_rejects_too_long	false
live-dps	prro-domain	prro-domain::opaque_algebra_compile_fail	digest_types_cannot_be_fabricated_by_literal_compile_fail	false
live-dps	prro-domain	prro-domain::opaque_algebra_compile_fail	doc_type_cannot_be_rebound_at_classify_compile_fail	false
live-dps	prro-domain	prro-domain::opaque_algebra_compile_fail	opaque_algebra_bypass_compile_fail	false
live-dps	prro-domain	prro-domain::opaque_algebra_compile_fail	provenance_types_cannot_be_fabricated_by_literal_compile_fail	false
live-dps	prro-domain	prro-domain::pr2_provenance_types	call_failed_without_trusted_dps_envelope_classifies_submitted_unknown	false
live-dps	prro-domain	prro-domain::pr2_provenance_types	non_empty_fiscal_number_rejects_empty	false
live-dps	prro-domain	prro-domain::pr2_provenance_types	non_ok_status_code_rejects_ok_and_unknown	false
live-dps	prro-domain	prro-domain::purity_gate	accepted_capability_nodes_are_annotated	false
live-dps	prro-domain	prro-domain::purity_gate	closure_edge_manifest_is_set_equal	false
live-dps	prro-domain	prro-domain::purity_gate	closure_manifest_root_and_schema_are_pinned	false
live-dps	prro-domain	prro-domain::purity_gate	closure_node_manifest_is_set_equal	false
live-dps	prro-domain	prro-domain::purity_gate	metadata_args_are_pinned	false
live-dps	prro-domain	prro-domain::purity_gate	print_direct_dep_records	true
live-dps	prro-domain	prro-domain::purity_gate	prro_domain_direct_dep_records_are_pinned	false
live-dps	prro-domain	prro-domain::purity_gate	prro_domain_direct_deps_are_exactly_allowlisted	false
live-dps	prro-domain	prro-domain::purity_gate	prro_domain_reaches_no_forbidden_crate	false
live-dps	prro-domain	prro-domain::purity_gate	rp_r2_c_name_dedup_walker_is_unsound_teeth	false
live-dps	prro-domain	prro-domain::purity_gate	rp_r2_c_packageid_walker_reaches_second_version_sqlx	false
live-dps	prro-domain	prro-domain::purity_gate	rp_r2_c_root_resolved_by_workspace_id_not_name	false
live-dps	prro-domain	prro-domain::purity_gate_compile_fail	prro_domain_forbidden_crate_compile_fail	false
live-dps	prro-domain	prro-domain::rp4b_2_classify_graph_pin	active_retry_class_wire_strings_match_error_routing	false
live-dps	prro-domain	prro-domain::rp4b_2_classify_graph_pin	d3_parsed_indeterminate_yields_submitted_unknown	false
live-dps	prro-domain	prro-domain::rp4b_2_classify_graph_pin	d3_parsed_reject_yields_submitted_not_unknown	false
live-dps	prro-domain	prro-domain::rp4b_2_classify_graph_pin	hydrated_retry_class_round_trips_all_8	false
live-dps	prro-domain	prro-domain::rp4b_2_classify_graph_pin	node_effect_discriminates_offline168_from_verify	false
live-dps	prro-domain	prro-domain::rp4b_2_classify_graph_pin	observed_outcome_v1_carries_all_fields	false
live-dps	prro-domain	prro-domain::rp4b_2_classify_graph_pin	rp4b_2_classify_full_graph_matches_normative	false
live-dps	prro-domain	prro-domain::rp4b_2_classify_graph_pin	rp4b_3_parsed_rows_are_distinct_from_timeout	false
live-dps	prro-domain	prro-domain::rp4b_2_classify_graph_pin	sent_accepted_observe_rejects_empty_id	false
live-dps	prro-domain	prro-domain::rp4b_31_opaque_algebra	from_dps_status_maps_named_codes_to_verdicts	false
live-dps	prro-domain	prro-domain::rp4b_31_opaque_algebra	from_dps_status_ok_splits_accepted_vs_no_fiscal_number	false
live-dps	prro-domain	prro-domain::rp4b_31_opaque_algebra	from_dps_status_splits_minus2_minus15_by_doc_type	false
live-dps	prro-domain	prro-domain::rp4b_31_opaque_algebra	from_dps_status_unknown_only_for_non_named_codes	false
live-dps	prro-domain	prro-domain::rp4b_r2_sealed_and_node_effect	classify_surfaces_node_effect_offline168_vs_verify	false
live-dps	prro-domain	prro-domain::rp4b_r2_sealed_and_node_effect	classify_surfaces_node_effect_on_all_paths	false
live-dps	prro-domain	prro-domain::rp4b_r2_sealed_and_node_effect	kvt1_raw_enforces_min_length	false
live-dps	prro-domain	prro-domain::rp4b_r2_sealed_and_node_effect	record_copies_node_effect_from_classified	false
live-dps	prro-domain	prro-domain::rp4b_r2_sealed_and_node_effect	record_enforces_generation_certainty_invariant	false
live-dps	prro-domain	prro-domain::rp4b_r2_sealed_and_node_effect	record_rejects_non_positive_generation	false
live-dps	prro-domain	prro-domain::rp4b_r2_sealed_and_node_effect	sent_accepted_getter_reads_fiscal_number	false
live-dps	prro-domain	prro-domain::rp_cs1_4_contract_dag	contract_crates_are_io_free	false
live-dps	prro-domain	prro-domain::rp_cs1_4_contract_dag	contract_crates_are_workspace_members	false
live-dps	prro-domain	prro-domain::rp_cs1_4_contract_dag	contract_crates_do_not_depend_on_each_other	false
live-dps	prro-domain	prro-domain::rp_cs1_4_contract_dag	contract_crates_have_empty_direct_deps_phased	false
live-dps	prro-domain	prro-domain::rp_cs1_4_contract_dag	prro_testkit_absent_from_production_closures	false
live-dps	prro-domain	prro-domain::rp_cs1_5_enum_representation	doc_state_representation_locked	false
live-dps	prro-domain	prro-domain::rp_cs1_5_enum_representation	doc_type_representation_locked	false
live-dps	prro-domain	prro-domain::rp_cs1_5_enum_representation	fiscal_mode_representation_locked_lowercase	false
live-dps	prro-domain	prro-domain::rp_cs1_5_enum_representation	node_mode_representation_locked	false
live-dps	prro-domain	prro-domain::rp_cs1_5_enum_representation	offline_session_state_representation_locked	false
live-dps	prro-domain	prro-domain::rp_cs1_5_enum_representation	protocol_representation_locked	false
live-dps	prro-domain	prro-domain::rp_cs1_5_enum_representation	severity_representation_locked	false
live-dps	prro-domain	prro-domain::rp_cs1_5_enum_representation	shift_state_representation_locked	false
live-dps	prro-domain	prro-domain::rp_cs1_5_id_representation	blob_id_serde_transparent_is_bare_uuid	false
live-dps	prro-domain	prro-domain::rp_cs1_5_id_representation	blob_ids_from_bytes_as_bytes_roundtrip_exact	false
live-dps	prro-domain	prro-domain::rp_cs1_5_id_representation	blob_ids_new_is_uuid_v7	false
live-dps	prro-domain	prro-domain::rp_cs1_5_id_representation	cashier_id_from_persisted_unchecked_bypasses_validation_silently	false
live-dps	prro-domain	prro-domain::rp_cs1_5_id_representation	cashier_id_from_str_roundtrip	false
live-dps	prro-domain	prro-domain::rp_cs1_5_id_representation	cashier_id_new_rejects_empty_and_too_long	false
live-dps	prro-domain	prro-domain::rp_cs1_5_id_representation	cashier_id_serde_transparent_is_bare_string	false
live-dps	prro-domain	prro-domain::rp_cs1_5_id_representation	driver_id_new_trims_and_rejects	false
live-dps	prro-domain	prro-domain::rp_cs1_5_id_representation	shift_id_deterministic_for_shift_open_is_stable_v5	false
live-dps	prro-domain	prro-domain::sealed_algebra_compile_fail	sealed_delivery_types_cannot_be_constructed_externally	false
live-dps	prro_crypto	prro_crypto	cms::asn1_util::tests::peek_tag_bounded	false
live-dps	prro_crypto	prro_crypto	cms::asn1_util::tests::read_integer_be_small_basic	false
live-dps	prro_crypto	prro_crypto	cms::asn1_util::tests::read_tlv_basic_short_form	false
live-dps	prro_crypto	prro_crypto	cms::asn1_util::tests::read_tlv_long_form_2_bytes	false
live-dps	prro_crypto	prro_crypto	cms::asn1_util::tests::read_tlv_rejects_indefinite_length	false
live-dps	prro_crypto	prro_crypto	cms::asn1_util::tests::read_tlv_rejects_length_overflow	false
live-dps	prro_crypto	prro_crypto	cms::asn1_util::tests::read_tlv_rejects_length_past_buffer	false
live-dps	prro_crypto	prro_crypto	cms::asn1_util::tests::read_tlv_rejects_offset_past_end	false
live-dps	prro_crypto	prro_crypto	cms::asn1_util::tests::read_tlv_rejects_overlong_length_form	false
live-dps	prro_crypto	prro_crypto	cms::asn1_util::tests::read_tlv_rejects_truncated_length_byte	false
live-dps	prro_crypto	prro_crypto	cms::asn1_util::tests::read_tlv_rejects_truncated_long_length	false
live-dps	prro_crypto	prro_crypto	cms::asn1_util::tests::read_u32_le_basic	false
live-dps	prro_crypto	prro_crypto	cms::asn1_util::tests::read_u32_le_rejects_out_of_bounds	false
live-dps	prro_crypto	prro_crypto	cms::attrs::tests::test_build_signed_attrs_success_smoke	false
live-dps	prro_crypto	prro_crypto	cms::attrs::tests::test_build_signed_attrs_wrong_digest_len	false
live-dps	prro_crypto	prro_crypto	cms::attrs::tests::test_encode_length_long_form	false
live-dps	prro_crypto	prro_crypto	cms::attrs::tests::test_encode_length_short_form	false
live-dps	prro_crypto	prro_crypto	cms::attrs::tests::test_signing_cert_v2_includes_issuer_serial	false
live-dps	prro_crypto	prro_crypto	cms::builder::tests::default_build_options_are_unstamped	false
live-dps	prro_crypto	prro_crypto	cms::builder::tests::sign_detached_stamps_live_time_despite_empty_default	false
live-dps	prro_crypto	prro_crypto	cms::builder::tests::sign_with_attached_embeds_econtent	false
live-dps	prro_crypto	prro_crypto	cms::builder::tests::sign_with_kupyna_profile_embeds_correct_oids	false
live-dps	prro_crypto	prro_crypto	cms::builder::tests::sign_with_signing_time_emits_utctime_attr	false
live-dps	prro_crypto	prro_crypto	cms::builder::tests::test_cms_signer_with_real_cert	false
live-dps	prro_crypto	prro_crypto	cms::builder::tests::test_cms_with_real_dstu_signer	false
live-dps	prro_crypto	prro_crypto	cms::builder::tests::test_sign_detached_with_content_digest	false
live-dps	prro_crypto	prro_crypto	cms::builder::tests::test_sign_with_lt_embeds_revocation_values_and_tst	false
live-dps	prro_crypto	prro_crypto	cms::builder::tests::test_sign_with_tst_embeds_unsigned_attribute	false
live-dps	prro_crypto	prro_crypto	cms::cmp::tests::encode_produces_well_formed_iit_request	false
live-dps	prro_crypto	prro_crypto	cms::cmp::tests::encode_rejects_wrong_size_ski	false
live-dps	prro_crypto	prro_crypto	cms::cmp::tests::live_acskidd_lookup_roundtrips_ski	true
live-dps	prro_crypto	prro_crypto	cms::cmp::tests::live_privatbank_lookup_roundtrips_jks_ski	true
live-dps	prro_crypto	prro_crypto	cms::cmp::tests::live_uakey_lookup_roundtrips_director_ski	true
live-dps	prro_crypto	prro_crypto	cms::cmp::tests::parse_rejects_non_success_status	false
live-dps	prro_crypto	prro_crypto	cms::cmp::tests::parse_rejects_pathologically_deep_response	false
live-dps	prro_crypto	prro_crypto	cms::cmp::tests::parse_returns_matching_cert_from_real_dstu_response	false
live-dps	prro_crypto	prro_crypto	cms::cmp::tests::parse_success_without_cert_returns_not_found	false
live-dps	prro_crypto	prro_crypto	cms::der_writer::tests::test_explicit_context_tag	false
live-dps	prro_crypto	prro_crypto	cms::der_writer::tests::test_integer_u32_high_bit	false
live-dps	prro_crypto	prro_crypto	cms::der_writer::tests::test_integer_u32_small	false
live-dps	prro_crypto	prro_crypto	cms::der_writer::tests::test_octet_string	false
live-dps	prro_crypto	prro_crypto	cms::der_writer::tests::test_sequence_empty	false
live-dps	prro_crypto	prro_crypto	cms::envelope::basic_fields_tests::format_oid_dotted_well_known	false
live-dps	prro_crypto	prro_crypto	cms::envelope::basic_fields_tests::parse_asn1_time_generalizedtime	false
live-dps	prro_crypto	prro_crypto	cms::envelope::basic_fields_tests::parse_asn1_time_rejects_non_utc	false
live-dps	prro_crypto	prro_crypto	cms::envelope::basic_fields_tests::parse_asn1_time_utctime_y2k_pivot	false
live-dps	prro_crypto	prro_crypto	cms::envelope::basic_fields_tests::parse_cert_basic_fields_rejects_truncated_input	false
live-dps	prro_crypto	prro_crypto	cms::envelope::basic_fields_tests::parse_cert_basic_fields_self_signed_6929	false
live-dps	prro_crypto	prro_crypto	cms::envelope::tests::e2e_decrypt_jkurwa_enc_message	false
live-dps	prro_crypto	prro_crypto	cms::envelope::tests::ecdh_zz_rejects_off_curve_originator	false
live-dps	prro_crypto	prro_crypto	cms::envelope::tests::shared_info_contains_oid	false
live-dps	prro_crypto	prro_crypto	cms::envelope::tests::shared_info_contains_ukm_and_suppub	false
live-dps	prro_crypto	prro_crypto	cms::envelope::tests::shared_info_deterministic	false
live-dps	prro_crypto	prro_crypto	cms::oids::tests::test_oid_arcs_match_strings	false
live-dps	prro_crypto	prro_crypto	cms::profile::tests::auto_detect_gost_from_cert	false
live-dps	prro_crypto	prro_crypto	cms::profile::tests::auto_detect_kupyna_from_cert	false
live-dps	prro_crypto	prro_crypto	cms::profile::tests::auto_detect_unknown_oid_falls_back_to_gost	false
live-dps	prro_crypto	prro_crypto	cms::profile::tests::test_default_profile	false
live-dps	prro_crypto	prro_crypto	cms::profile::tests::test_digest_lengths	false
live-dps	prro_crypto	prro_crypto	cms::profile::tests::test_kupyna_profile_oids	false
live-dps	prro_crypto	prro_crypto	cms::profile::tests::test_signature_oid_is_composite_not_generic	false
live-dps	prro_crypto	prro_crypto	cms::revocation::tests::ocsp_request_encoding_is_deterministic_and_structural	false
live-dps	prro_crypto	prro_crypto	cms::revocation::tests::ocsp_request_with_nonce_differs_from_none	false
live-dps	prro_crypto	prro_crypto	cms::revocation::tests::ocsp_response_extracts_basic_on_success	false
live-dps	prro_crypto	prro_crypto	cms::revocation::tests::ocsp_response_rejects_non_successful	false
live-dps	prro_crypto	prro_crypto	cms::revocation::tests::ocsp_response_rejects_wrong_response_type	false
live-dps	prro_crypto	prro_crypto	cms::revocation::tests::parse_ocsp_status_good	false
live-dps	prro_crypto	prro_crypto	cms::revocation::tests::parse_ocsp_status_revoked	false
live-dps	prro_crypto	prro_crypto	cms::revocation::tests::parse_ocsp_status_unknown	false
live-dps	prro_crypto	prro_crypto	cms::revocation::tests::revocation_values_carries_both_crls_and_ocsp	false
live-dps	prro_crypto	prro_crypto	cms::revocation::tests::revocation_values_shape_empty_is_empty_sequence	false
live-dps	prro_crypto	prro_crypto	cms::signer::tests::os_rng_produces_fresh_rand_e_per_call	false
live-dps	prro_crypto	prro_crypto	cms::tsp::tests::sia_extraction_on_real_cert_gracefully_fails_when_absent	false
live-dps	prro_crypto	prro_crypto	cms::tsp::tests::tsp_request_deterministic_and_well_formed	false
live-dps	prro_crypto	prro_crypto	cms::tsp::tests::tsp_request_rejects_distinct_digests	false
live-dps	prro_crypto	prro_crypto	cms::tsp::tests::tsp_response_extracts_token_on_granted	false
live-dps	prro_crypto	prro_crypto	cms::tsp::tests::tsp_response_rejects_non_granted_status	false
live-dps	prro_crypto	prro_crypto	core::backend::pack::tests::test_pack_top_bit_masking	false
live-dps	prro_crypto	prro_crypto	core::backend::pack::tests::test_pack_unpack_roundtrip_one	false
live-dps	prro_crypto	prro_crypto	core::backend::pack::tests::test_pack_unpack_roundtrip_random	false
live-dps	prro_crypto	prro_crypto	core::backend::pack::tests::test_pack_unpack_roundtrip_zero	false
live-dps	prro_crypto	prro_crypto	core::backend::pack::tests::test_unpack_wide_known_values	false
live-dps	prro_crypto	prro_crypto	core::backend::pack::tests::test_unpack_wide_zero	false
live-dps	prro_crypto	prro_crypto	core::backend::tests::warm_up_is_safe_and_idempotent	false
live-dps	prro_crypto	prro_crypto	core::backend::x86_pclmul::tests::test_clmul128_vs_portable_random	false
live-dps	prro_crypto	prro_crypto	core::backend::x86_pclmul::tests::test_clmul64_high_bit	false
live-dps	prro_crypto	prro_crypto	core::backend::x86_pclmul::tests::test_clmul64_one	false
live-dps	prro_crypto	prro_crypto	core::backend::x86_pclmul::tests::test_clmul64_vs_portable_random	false
live-dps	prro_crypto	prro_crypto	core::backend::x86_pclmul::tests::test_clmul64_zero	false
live-dps	prro_crypto	prro_crypto	core::backend::x86_pclmul::tests::test_fsqr_edge_cases	false
live-dps	prro_crypto	prro_crypto	core::backend::x86_pclmul::tests::test_fsqr_equals_fmul_self	false
live-dps	prro_crypto	prro_crypto	core::backend::x86_pclmul::tests::test_fsqr_packed_vs_portable	false
live-dps	prro_crypto	prro_crypto	core::comb::tests::comb_matches_ladder_full_scalars	false
live-dps	prro_crypto	prro_crypto	core::comb::tests::comb_matches_ladder_small	false
live-dps	prro_crypto	prro_crypto	core::comb::tests::comb_one_returns_base	false
live-dps	prro_crypto	prro_crypto	core::comb::tests::comb_order_is_identity	false
live-dps	prro_crypto	prro_crypto	core::comb::tests::comb_zero_returns_none	false
live-dps	prro_crypto	prro_crypto	core::comb::tests::extract_column_smoke	false
live-dps	prro_crypto	prro_crypto	core::curve::tests::test_dstu_pb_257_base_on_curve	false
live-dps	prro_crypto	prro_crypto	core::curve::tests::test_dstu_pb_257_construction	false
live-dps	prro_crypto	prro_crypto	core::fe::tests::test_adapter_roundtrip	false
live-dps	prro_crypto	prro_crypto	core::fe::tests::test_add_xor	false
live-dps	prro_crypto	prro_crypto	core::fe::tests::test_ct_eq	false
live-dps	prro_crypto	prro_crypto	core::fe::tests::test_from_hex_matches_legacy	false
live-dps	prro_crypto	prro_crypto	core::fe::tests::test_invert_ct_matches_binary_euclid_batch	false
live-dps	prro_crypto	prro_crypto	core::fe::tests::test_invert_ct_roundtrip_batch	false
live-dps	prro_crypto	prro_crypto	core::fe::tests::test_invert_matches_legacy	false
live-dps	prro_crypto	prro_crypto	core::fe::tests::test_invert_roundtrip	false
live-dps	prro_crypto	prro_crypto	core::fe::tests::test_mod_mul_matches_legacy	false
live-dps	prro_crypto	prro_crypto	core::fe::tests::test_mod_sqr_matches_legacy	false
live-dps	prro_crypto	prro_crypto	core::fe::tests::test_test_bit_in_range	false
live-dps	prro_crypto	prro_crypto	core::fe::tests::test_zero_one_constants	false
live-dps	prro_crypto	prro_crypto	core::field::tests::test_field_add_xor	false
live-dps	prro_crypto	prro_crypto	core::field::tests::test_field_from_hex	false
live-dps	prro_crypto	prro_crypto	core::field::tests::test_field_mul_then_inv_roundtrip	false
live-dps	prro_crypto	prro_crypto	core::field::tests::test_field_zero_one	false
live-dps	prro_crypto	prro_crypto	core::field::tests::test_test_bit_set_clear	false
live-dps	prro_crypto	prro_crypto	core::fixed_base::tests::test_mul_base_matches_generic_full_scalar	false
live-dps	prro_crypto	prro_crypto	core::fixed_base::tests::test_mul_base_matches_generic_mul_small	false
live-dps	prro_crypto	prro_crypto	core::fixed_base::tests::test_mul_base_order_is_infinity	false
live-dps	prro_crypto	prro_crypto	core::gf2m::tests::test_blength_multi_word	false
live-dps	prro_crypto	prro_crypto	core::gf2m::tests::test_blength_one	false
live-dps	prro_crypto	prro_crypto	core::gf2m::tests::test_blength_zero	false
live-dps	prro_crypto	prro_crypto	core::gf2m::tests::test_finv_roundtrip	false
live-dps	prro_crypto	prro_crypto	core::gf2m::tests::test_fmod_no_reduction_needed	false
live-dps	prro_crypto	prro_crypto	core::gf2m::tests::test_fmod_reduction_257	false
live-dps	prro_crypto	prro_crypto	core::gf2m::tests::test_fmul_simple	false
live-dps	prro_crypto	prro_crypto	core::gf2m::tests::test_mul_1x1_simple	false
live-dps	prro_crypto	prro_crypto	core::gf2m::tests::test_mul_1x1_top_bits	false
live-dps	prro_crypto	prro_crypto	core::gf2m::tests::test_mul_2x2_identity	false
live-dps	prro_crypto	prro_crypto	core::gf2m::tests::test_mul_2x2_zero	false
live-dps	prro_crypto	prro_crypto	core::gf2m_257::tests::test_freduce_257_matches_generic_fmod	false
live-dps	prro_crypto	prro_crypto	core::gf2m_257::tests::test_known_value_x257_reduction	false
live-dps	prro_crypto	prro_crypto	core::gf2m_257::tests::test_mul_257_matches_fe_mod_mul	false
live-dps	prro_crypto	prro_crypto	core::gf2m_257::tests::test_sqr_257_matches_fe_mod_sqr	false
live-dps	prro_crypto	prro_crypto	core::hash::gost28147::tests::test_boxinit_known_values	false
live-dps	prro_crypto	prro_crypto	core::hash::gost28147::tests::test_encrypt_decrypt_roundtrip	false
live-dps	prro_crypto	prro_crypto	core::hash::gost28147::tests::test_encrypt_with_zero_key_round_trip	false
live-dps	prro_crypto	prro_crypto	core::hash::gost28147::tests::test_gost_construction_doesnt_panic	false
live-dps	prro_crypto	prro_crypto	core::hash::gost28147::tests::test_pack_sbox_shape	false
live-dps	prro_crypto	prro_crypto	core::hash::gost28147::tests::test_packed_sbox_matches_default	false
live-dps	prro_crypto	prro_crypto	core::hash::gost3411::tests::test_empty_input_reference	false
live-dps	prro_crypto	prro_crypto	core::hash::gost3411::tests::test_one_byte_zero	false
live-dps	prro_crypto	prro_crypto	core::hash::kupyna::tests::byte_at_a_time	false
live-dps	prro_crypto	prro_crypto	core::hash::kupyna::tests::incremental_matches_single_shot	false
live-dps	prro_crypto	prro_crypto	core::hash::kupyna::tests::k256_1024bit	false
live-dps	prro_crypto	prro_crypto	core::hash::kupyna::tests::k256_2048bit	false
live-dps	prro_crypto	prro_crypto	core::hash::kupyna::tests::k256_512bit	false
live-dps	prro_crypto	prro_crypto	core::hash::kupyna::tests::k256_760bit	false
live-dps	prro_crypto	prro_crypto	core::hash::kupyna::tests::k256_8bit	false
live-dps	prro_crypto	prro_crypto	core::hash::kupyna::tests::k256_empty	false
live-dps	prro_crypto	prro_crypto	core::hash::kupyna::tests::k512_1024bit	false
live-dps	prro_crypto	prro_crypto	core::hash::kupyna::tests::k512_1536bit	false
live-dps	prro_crypto	prro_crypto	core::hash::kupyna::tests::k512_2048bit	false
live-dps	prro_crypto	prro_crypto	core::hash::kupyna::tests::k512_512bit	false
live-dps	prro_crypto	prro_crypto	core::hash::kupyna::tests::k512_8bit	false
live-dps	prro_crypto	prro_crypto	core::hash::kupyna::tests::k512_empty	false
live-dps	prro_crypto	prro_crypto	core::hash::kupyna::tests::k512_near_block_boundary	false
live-dps	prro_crypto	prro_crypto	core::mladder::tests::cswap_semantics	false
live-dps	prro_crypto	prro_crypto	core::mladder::tests::extract_bit_out_of_range_is_zero	false
live-dps	prro_crypto	prro_crypto	core::mladder::tests::ladder_base_rejects_oversized_scalar_release_safe	false
live-dps	prro_crypto	prro_crypto	core::mladder::tests::ladder_edge_cases	false
live-dps	prro_crypto	prro_crypto	core::mladder::tests::ladder_matches_wnaf_full_width_scalars	false
live-dps	prro_crypto	prro_crypto	core::mladder::tests::ladder_matches_wnaf_random_scalars_4k	false
live-dps	prro_crypto	prro_crypto	core::mladder::tests::ladder_matches_wnaf_small_scalars	false
live-dps	prro_crypto	prro_crypto	core::mladder::tests::ladder_order_times_g_is_infinity	false
live-dps	prro_crypto	prro_crypto	core::mladder::tests::ladder_output_length_invariant_within_contract	false
live-dps	prro_crypto	prro_crypto	core::mladder::tests::ladder_point_matches_wnaf_cofactor_scaled_scalars	false
live-dps	prro_crypto	prro_crypto	core::mladder::tests::ladder_point_matches_wnaf_random_valid_q	false
live-dps	prro_crypto	prro_crypto	core::mladder::tests::mul_point_x_ct_accepts_zero_padded_oversized_scalar	false
live-dps	prro_crypto	prro_crypto	core::mladder::tests::mul_point_x_ct_rejects_nonzero_oversized_scalar	false
live-dps	prro_crypto	prro_crypto	core::point::tests::expand_compressed_accepts_canonical_base_point	false
live-dps	prro_crypto	prro_crypto	core::point::tests::expand_compressed_rejects_wrong_length	false
live-dps	prro_crypto	prro_crypto	core::point::tests::test_add_p_neg_p_eq_zero	false
live-dps	prro_crypto	prro_crypto	core::point::tests::test_add_zero_returns_self	false
live-dps	prro_crypto	prro_crypto	core::point::tests::test_base_point_doubling	false
live-dps	prro_crypto	prro_crypto	core::point::tests::test_mul_one_returns_self	false
live-dps	prro_crypto	prro_crypto	core::point::tests::test_mul_three_eq_g_plus_2g	false
live-dps	prro_crypto	prro_crypto	core::point::tests::test_mul_two_eq_twice	false
live-dps	prro_crypto	prro_crypto	core::point::tests::validate_public_point_rejects_infinity	false
live-dps	prro_crypto	prro_crypto	core::point::tests::validate_public_point_rejects_off_curve	false
live-dps	prro_crypto	prro_crypto	core::proj::tests::test_double_chain_matches_affine	false
live-dps	prro_crypto	prro_crypto	core::proj::tests::test_double_matches_affine	false
live-dps	prro_crypto	prro_crypto	core::proj::tests::test_madd_matches_affine	false
live-dps	prro_crypto	prro_crypto	core::proj::tests::test_mul_proj_matches_naive_full_scalar	false
live-dps	prro_crypto	prro_crypto	core::proj::tests::test_mul_proj_matches_naive_small	false
live-dps	prro_crypto	prro_crypto	core::proj::tests::test_mul_proj_order_g_is_infinity	false
live-dps	prro_crypto	prro_crypto	core::proj::tests::test_proj_roundtrip_base	false
live-dps	prro_crypto	prro_crypto	core::proj::tests::test_proj_zero	false
live-dps	prro_crypto	prro_crypto	core::proj::tests::test_shamir_full_scalars	false
live-dps	prro_crypto	prro_crypto	core::proj::tests::test_shamir_matches_separate_muls_small	false
live-dps	prro_crypto	prro_crypto	core::proj::tests::test_shamir_one_zero	false
live-dps	prro_crypto	prro_crypto	core::scalar::tests::ct_add_mod_near_order_boundary	false
live-dps	prro_crypto	prro_crypto	core::scalar::tests::ct_from_fe_truncated_boundary_cases	false
live-dps	prro_crypto	prro_crypto	core::scalar::tests::ct_mul_mod_barrett_buckets_match_oracle	false
live-dps	prro_crypto	prro_crypto	core::scalar::tests::ct_select_5_limbs_semantics	false
live-dps	prro_crypto	prro_crypto	core::scalar::tests::ct_select_limbs_semantics	false
live-dps	prro_crypto	prro_crypto	core::scalar::tests::ct_sub_mod_wraps_through_zero	false
live-dps	prro_crypto	prro_crypto	core::scalar::tests::test_add_mod_simple	false
live-dps	prro_crypto	prro_crypto	core::scalar::tests::test_add_mod_wraparound	false
live-dps	prro_crypto	prro_crypto	core::scalar::tests::test_bit_and_oddness	false
live-dps	prro_crypto	prro_crypto	core::scalar::tests::test_bit_len	false
live-dps	prro_crypto	prro_crypto	core::scalar::tests::test_from_fe_truncated_above_order	false
live-dps	prro_crypto	prro_crypto	core::scalar::tests::test_from_fe_truncated_small	false
live-dps	prro_crypto	prro_crypto	core::scalar::tests::test_le_bytes_roundtrip	false
live-dps	prro_crypto	prro_crypto	core::scalar::tests::test_mul_mod_large	false
live-dps	prro_crypto	prro_crypto	core::scalar::tests::test_mul_mod_n_minus_1_squared	false
live-dps	prro_crypto	prro_crypto	core::scalar::tests::test_mul_mod_small	false
live-dps	prro_crypto	prro_crypto	core::scalar::tests::test_order_constant	false
live-dps	prro_crypto	prro_crypto	core::scalar::tests::test_sub_mod_underflow	false
live-dps	prro_crypto	prro_crypto	core::scalar::tests::test_zero_one	false
live-dps	prro_crypto	prro_crypto	core::sign::tests::sign_rejects_rand_e_with_bits_above_255	false
live-dps	prro_crypto	prro_crypto	core::sign::tests::sign_verify_roundtrip_with_non_trivial_rand_e	false
live-dps	prro_crypto	prro_crypto	core::sign::tests::test_sign_verify_roundtrip	false
live-dps	prro_crypto	prro_crypto	core::sign::tests::test_sign_with_known_zero_eG_returns_none	false
live-dps	prro_crypto	prro_crypto	core::sign::tests::test_truncate_ct_matches_semantics	false
live-dps	prro_crypto	prro_crypto	core::sign::tests::test_truncate_larger_than_order	false
live-dps	prro_crypto	prro_crypto	core::sign::tests::test_truncate_smaller_than_order	false
live-dps	prro_crypto	prro_crypto	core::sign::tests::test_zero_sig_components_rejected	false
live-dps	prro_crypto	prro_crypto	core::sign::tests::verify_rejects_malformed_width_without_panic	false
live-dps	prro_crypto	prro_crypto	core::sign::tests::verify_rejects_pubkey_off_curve	false
live-dps	prro_crypto	prro_crypto	core::sign::tests::verify_rejects_zero_pubkey	false
live-dps	prro_crypto	prro_crypto	core::wnaf::tests::test_mul_wnaf_full_scalar	false
live-dps	prro_crypto	prro_crypto	core::wnaf::tests::test_mul_wnaf_matches_naive_small	false
live-dps	prro_crypto	prro_crypto	core::wnaf::tests::test_wnaf_no_adjacent_nonzero_w4	false
live-dps	prro_crypto	prro_crypto	core::wnaf::tests::test_wnaf_one	false
live-dps	prro_crypto	prro_crypto	core::wnaf::tests::test_wnaf_reconstruction_random	false
live-dps	prro_crypto	prro_crypto	core::wnaf::tests::test_wnaf_small	false
live-dps	prro_crypto	prro_crypto	core::wnaf::tests::test_wnaf_zero	false
live-dps	prro_crypto	prro_crypto	interop::prro::containers::tests::cross_validation_pfx_vs_key6_director	false
live-dps	prro_crypto	prro_crypto	interop::prro::containers::tests::cross_validation_pfx_vs_key6_legal_entity	false
live-dps	prro_crypto	prro_crypto	interop::prro::containers::tests::detector_classifies_real_jks	false
live-dps	prro_crypto	prro_crypto	interop::prro::containers::tests::detector_recognises_pfx_outer_shape	false
live-dps	prro_crypto	prro_crypto	interop::prro::containers::tests::extract_from_real_jks_matches_legacy_path	false
live-dps	prro_crypto	prro_crypto	interop::prro::containers::tests::extract_from_real_key6_dispatches_correctly	false
live-dps	prro_crypto	prro_crypto	interop::prro::containers::tests::extract_from_real_pfx_dispatches_correctly	false
live-dps	prro_crypto	prro_crypto	interop::prro::containers::tests::jks_wrong_password_returns_typed_error	false
live-dps	prro_crypto	prro_crypto	interop::prro::containers::tests::pfx_parser_rejects_malformed_inner_structure	false
live-dps	prro_crypto	prro_crypto	interop::prro::containers::tests::unknown_format_returns_unknown_error	false
live-dps	prro_crypto	prro_crypto	interop::prro::der::tests::test_extract_from_real_jks_key	false
live-dps	prro_crypto	prro_crypto	interop::prro::der::tests::test_extract_param_d_synthetic	false
live-dps	prro_crypto	prro_crypto	interop::prro::der::tests::test_long_form_length	false
live-dps	prro_crypto	prro_crypto	interop::prro::der::tests::test_read_simple_sequence	false
live-dps	prro_crypto	prro_crypto	interop::prro::jks::tests::test_bad_magic	false
live-dps	prro_crypto	prro_crypto	interop::prro::jks::tests::test_bad_password	false
live-dps	prro_crypto	prro_crypto	interop::prro::jks::tests::test_read_real_jks	false
live-dps	prro_crypto	prro_crypto	interop::prro::jks::tests::truncated_jks_returns_typed_error_not_panic	false
live-dps	prro_crypto	prro_crypto	interop::prro::key6::tests::compute_ski_matches_real_ukrainian_cert	false
live-dps	prro_crypto	prro_crypto	interop::prro::key6::tests::dumb_kdf_deterministic	false
live-dps	prro_crypto	prro_crypto	interop::prro::key6::tests::e2e_phase1_jks_ski_round_trip	false
live-dps	prro_crypto	prro_crypto	interop::prro::key6::tests::e2e_phase1_zs2_to_ski_matches_cert_extension	false
live-dps	prro_crypto	prro_crypto	interop::prro::key6::tests::parse_non_iit_returns_not_key6	false
live-dps	prro_crypto	prro_crypto	interop::prro::key6::tests::parse_real_director_key6	false
live-dps	prro_crypto	prro_crypto	interop::prro::key6::tests::parse_real_legal_entity_key6	false
live-dps	prro_crypto	prro_crypto	interop::prro::key6::tests::parse_wrong_password_returns_typed_error	false
live-dps	prro_crypto	prro_crypto	interop::prro::pbe::tests::cfb_decrypt_roundtrip_zero_input	false
live-dps	prro_crypto	prro_crypto	interop::prro::pbe::tests::default_dku_packed_matches_canonical_dku	false
live-dps	prro_crypto	prro_crypto	interop::prro::pbe::tests::gost28147_mac_rejects_non_byte_aligned_mac_bits	false
live-dps	prro_crypto	prro_crypto	interop::prro::pbe::tests::gost28147_mac_rejects_oversized_mac_bits	false
live-dps	prro_crypto	prro_crypto	interop::prro::pbe::tests::hmac_smoke	false
live-dps	prro_crypto	prro_crypto	interop::prro::pbe::tests::keywrap_unwrap_rejects_tampered_blob	false
live-dps	prro_crypto	prro_crypto	interop::prro::pbe::tests::keywrap_unwrap_vector_1	false
live-dps	prro_crypto	prro_crypto	interop::prro::pbe::tests::keywrap_unwrap_vector_2	false
live-dps	prro_crypto	prro_crypto	interop::prro::pbe::tests::pbkdf2_is_deterministic	false
live-dps	prro_crypto	prro_crypto	interop::prro::pbe::tests::pbkdf2_responds_to_input_changes	false
live-dps	prro_crypto	prro_crypto	interop::prro::pfx::tests::parse_real_director_zs2	false
live-dps	prro_crypto	prro_crypto	interop::prro::pfx::tests::parse_real_legal_entity_zs2	false
live-dps	prro_crypto	prro_crypto	interop::prro::pfx::tests::parse_wrong_password_returns_typed_error	false
live-dps	prro_crypto	prro_crypto::bench_sign_raw	raw_dstu4145_throughput	false
live-dps	prro_crypto	prro_crypto::signed_data_econtent	detached_is_rejected	false
live-dps	prro_crypto	prro_crypto::signed_data_econtent	empty_econtent_is_ok	false
live-dps	prro_crypto	prro_crypto::signed_data_econtent	malformed_inputs_error_not_panic	false
live-dps	prro_crypto	prro_crypto::signed_data_econtent	roundtrips_long_content_longform_lengths	false
live-dps	prro_crypto	prro_crypto::signed_data_econtent	roundtrips_real_cmssigner_attached_output	false
live-dps	prro_crypto	prro_crypto::signed_data_econtent	roundtrips_short_content	false
live-dps	prro_crypto	prro_crypto::signing_cert_selection	none_for_empty	false
live-dps	prro_crypto	prro_crypto::signing_cert_selection	picks_signing_cert_not_first_encryption_cert	false
live-dps	prro_crypto	prro_crypto::signing_cert_selection	picks_signing_cert_regardless_of_position	false
live-dps	prro_crypto	prro_crypto::signing_cert_selection	returns_none_when_no_digitalsignature	false
live-dps	prro_crypto	prro_crypto::test_backend_differential	test_fmul_known_inputs	false
live-dps	prro_crypto	prro_crypto::test_backend_differential	test_fmul_portable_vs_pclmul_50k_random	false
live-dps	prro_crypto	prro_crypto::test_backend_differential	test_fmul_self_square_portable_vs_pclmul	false
live-dps	prro_crypto	prro_crypto::test_backend_differential	test_fmul_top_bit_grid_portable_vs_pclmul	false
live-dps	prro_crypto	prro_crypto::test_backend_differential	test_mod_mul_via_dispatch_matches_direct_portable	false
live-dps	prro_crypto	prro_crypto::test_cms_end_to_end	test_attached_embeds_econtent_detached_does_not	false
live-dps	prro_crypto	prro_crypto::test_cms_end_to_end	test_cms_round_trip_via_x509_parser	false
live-dps	prro_crypto	prro_crypto::test_cms_end_to_end	test_e2e_cms_real_jks_sign	false
live-dps	prro_crypto	prro_crypto::test_dudect_sign_ct	dudect_d_sensitivity	true
live-dps	prro_crypto	prro_crypto::test_dudect_sign_ct	dudect_e_sensitivity	true
live-dps	prro_crypto	prro_crypto::test_dudect_sign_ct	dudect_paired_sensitivity	true
live-dps	prro_crypto	prro_crypto::test_gf2m_vectors	test_against_jkurwa_vectors	false
live-dps	prro_crypto	prro_crypto::test_gost3411_vectors	test_gost_34_311_byte_identical_vs_jkurwa	false
live-dps	prro_crypto	prro_crypto::test_point_vectors	test_against_jkurwa_point_vectors	false
live-dps	prro_crypto	prro_crypto::test_point_vectors	test_order_times_g_is_infinity	false
live-dps	prro_crypto	prro_crypto::test_sign_vectors	test_sign_byte_identical_with_jkurwa	false
live-dps	prro_crypto	prro_crypto::test_sign_vectors	test_sign_byte_identical_with_jkurwa_10k	true
live-dps	prro_crypto	prro_crypto::time_parser_hardening	calendar_leap_and_days_in_month	false
live-dps	prro_crypto	prro_crypto::time_parser_hardening	parse_asn1_time_rejects_trailing_junk_and_impossible_calendar	false
live-dps	prro_crypto	prro_crypto::time_parser_hardening	ymd_hms_rejects_impossible_day_of_month	false
live-dps	prro_crypto_v2	prro_crypto_v2	core::backend::pack::tests::test_pack_top_bit_masking	false
live-dps	prro_crypto_v2	prro_crypto_v2	core::backend::pack::tests::test_pack_unpack_roundtrip_one	false
live-dps	prro_crypto_v2	prro_crypto_v2	core::backend::pack::tests::test_pack_unpack_roundtrip_random	false
live-dps	prro_crypto_v2	prro_crypto_v2	core::backend::pack::tests::test_pack_unpack_roundtrip_zero	false
live-dps	prro_crypto_v2	prro_crypto_v2	core::backend::pack::tests::test_unpack_wide_known_values	false
live-dps	prro_crypto_v2	prro_crypto_v2	core::backend::pack::tests::test_unpack_wide_zero	false
live-dps	prro_crypto_v2	prro_crypto_v2	core::backend::tests::warm_up_is_safe_and_idempotent	false
live-dps	prro_crypto_v2	prro_crypto_v2	core::backend::x86_pclmul::tests::test_clmul128_vs_portable_random	false
live-dps	prro_crypto_v2	prro_crypto_v2	core::backend::x86_pclmul::tests::test_clmul64_high_bit	false
live-dps	prro_crypto_v2	prro_crypto_v2	core::backend::x86_pclmul::tests::test_clmul64_one	false
live-dps	prro_crypto_v2	prro_crypto_v2	core::backend::x86_pclmul::tests::test_clmul64_vs_portable_random	false
live-dps	prro_crypto_v2	prro_crypto_v2	core::backend::x86_pclmul::tests::test_clmul64_zero	false
live-dps	prro_crypto_v2	prro_crypto_v2	core::backend::x86_pclmul::tests::test_fsqr_edge_cases	false
live-dps	prro_crypto_v2	prro_crypto_v2	core::backend::x86_pclmul::tests::test_fsqr_equals_fmul_self	false
live-dps	prro_crypto_v2	prro_crypto_v2	core::backend::x86_pclmul::tests::test_fsqr_packed_vs_portable	false
live-dps	prro_crypto_v2	prro_crypto_v2	core::batch::tests::batch_detects_bad_signature	false
live-dps	prro_crypto_v2	prro_crypto_v2	core::batch::tests::batch_empty_is_ok	false
live-dps	prro_crypto_v2	prro_crypto_v2	core::batch::tests::batch_fast_detects_bad	false
live-dps	prro_crypto_v2	prro_crypto_v2	core::batch::tests::batch_fast_valid	false
live-dps	prro_crypto_v2	prro_crypto_v2	core::batch::tests::batch_multiple_valid_same_key	false
live-dps	prro_crypto_v2	prro_crypto_v2	core::batch::tests::batch_reports_correct_failure_indices	false
live-dps	prro_crypto_v2	prro_crypto_v2	core::batch::tests::batch_single_valid	false
live-dps	prro_crypto_v2	prro_crypto_v2	core::comb::tests::comb_matches_ladder_full_scalars	false
live-dps	prro_crypto_v2	prro_crypto_v2	core::comb::tests::comb_matches_ladder_small	false
live-dps	prro_crypto_v2	prro_crypto_v2	core::comb::tests::comb_one_returns_base	false
live-dps	prro_crypto_v2	prro_crypto_v2	core::comb::tests::comb_order_is_identity	false
live-dps	prro_crypto_v2	prro_crypto_v2	core::comb::tests::comb_zero_returns_none	false
live-dps	prro_crypto_v2	prro_crypto_v2	core::comb::tests::extract_column_smoke	false
live-dps	prro_crypto_v2	prro_crypto_v2	core::curve::tests::test_dstu_pb_257_base_on_curve	false
live-dps	prro_crypto_v2	prro_crypto_v2	core::curve::tests::test_dstu_pb_257_construction	false
live-dps	prro_crypto_v2	prro_crypto_v2	core::fe::tests::test_adapter_roundtrip	false
live-dps	prro_crypto_v2	prro_crypto_v2	core::fe::tests::test_add_xor	false
live-dps	prro_crypto_v2	prro_crypto_v2	core::fe::tests::test_ct_eq	false
live-dps	prro_crypto_v2	prro_crypto_v2	core::fe::tests::test_from_hex_matches_legacy	false
live-dps	prro_crypto_v2	prro_crypto_v2	core::fe::tests::test_invert_ct_matches_binary_euclid_batch	false
live-dps	prro_crypto_v2	prro_crypto_v2	core::fe::tests::test_invert_ct_roundtrip_batch	false
live-dps	prro_crypto_v2	prro_crypto_v2	core::fe::tests::test_invert_matches_legacy	false
live-dps	prro_crypto_v2	prro_crypto_v2	core::fe::tests::test_invert_roundtrip	false
live-dps	prro_crypto_v2	prro_crypto_v2	core::fe::tests::test_mod_mul_matches_legacy	false
live-dps	prro_crypto_v2	prro_crypto_v2	core::fe::tests::test_mod_sqr_matches_legacy	false
live-dps	prro_crypto_v2	prro_crypto_v2	core::fe::tests::test_test_bit_in_range	false
live-dps	prro_crypto_v2	prro_crypto_v2	core::fe::tests::test_zero_one_constants	false
live-dps	prro_crypto_v2	prro_crypto_v2	core::field::tests::test_field_add_xor	false
live-dps	prro_crypto_v2	prro_crypto_v2	core::field::tests::test_field_from_hex	false
live-dps	prro_crypto_v2	prro_crypto_v2	core::field::tests::test_field_mul_then_inv_roundtrip	false
live-dps	prro_crypto_v2	prro_crypto_v2	core::field::tests::test_field_zero_one	false
live-dps	prro_crypto_v2	prro_crypto_v2	core::field::tests::test_test_bit_set_clear	false
live-dps	prro_crypto_v2	prro_crypto_v2	core::fixed_base::tests::test_mul_base_matches_generic_full_scalar	false
live-dps	prro_crypto_v2	prro_crypto_v2	core::fixed_base::tests::test_mul_base_matches_generic_mul_small	false
live-dps	prro_crypto_v2	prro_crypto_v2	core::fixed_base::tests::test_mul_base_order_is_infinity	false
live-dps	prro_crypto_v2	prro_crypto_v2	core::gf2m::tests::test_blength_multi_word	false
live-dps	prro_crypto_v2	prro_crypto_v2	core::gf2m::tests::test_blength_one	false
live-dps	prro_crypto_v2	prro_crypto_v2	core::gf2m::tests::test_blength_zero	false
live-dps	prro_crypto_v2	prro_crypto_v2	core::gf2m::tests::test_finv_roundtrip	false
live-dps	prro_crypto_v2	prro_crypto_v2	core::gf2m::tests::test_fmod_no_reduction_needed	false
live-dps	prro_crypto_v2	prro_crypto_v2	core::gf2m::tests::test_fmod_reduction_257	false
live-dps	prro_crypto_v2	prro_crypto_v2	core::gf2m::tests::test_fmul_simple	false
live-dps	prro_crypto_v2	prro_crypto_v2	core::gf2m::tests::test_mul_1x1_simple	false
live-dps	prro_crypto_v2	prro_crypto_v2	core::gf2m::tests::test_mul_1x1_top_bits	false
live-dps	prro_crypto_v2	prro_crypto_v2	core::gf2m::tests::test_mul_2x2_identity	false
live-dps	prro_crypto_v2	prro_crypto_v2	core::gf2m::tests::test_mul_2x2_zero	false
live-dps	prro_crypto_v2	prro_crypto_v2	core::gf2m_257::tests::test_freduce_257_matches_generic_fmod	false
live-dps	prro_crypto_v2	prro_crypto_v2	core::gf2m_257::tests::test_known_value_x257_reduction	false
live-dps	prro_crypto_v2	prro_crypto_v2	core::gf2m_257::tests::test_mul_257_matches_fe_mod_mul	false
live-dps	prro_crypto_v2	prro_crypto_v2	core::gf2m_257::tests::test_sqr_257_matches_fe_mod_sqr	false
live-dps	prro_crypto_v2	prro_crypto_v2	core::hash::gost28147::tests::test_boxinit_known_values	false
live-dps	prro_crypto_v2	prro_crypto_v2	core::hash::gost28147::tests::test_encrypt_decrypt_roundtrip	false
live-dps	prro_crypto_v2	prro_crypto_v2	core::hash::gost28147::tests::test_encrypt_with_zero_key_round_trip	false
live-dps	prro_crypto_v2	prro_crypto_v2	core::hash::gost28147::tests::test_gost_construction_doesnt_panic	false
live-dps	prro_crypto_v2	prro_crypto_v2	core::hash::gost28147::tests::test_pack_sbox_shape	false
live-dps	prro_crypto_v2	prro_crypto_v2	core::hash::gost28147::tests::test_packed_sbox_matches_default	false
live-dps	prro_crypto_v2	prro_crypto_v2	core::hash::gost3411::tests::test_empty_input_reference	false
live-dps	prro_crypto_v2	prro_crypto_v2	core::hash::gost3411::tests::test_one_byte_zero	false
live-dps	prro_crypto_v2	prro_crypto_v2	core::hash::kupyna::tests::byte_at_a_time	false
live-dps	prro_crypto_v2	prro_crypto_v2	core::hash::kupyna::tests::incremental_matches_single_shot	false
live-dps	prro_crypto_v2	prro_crypto_v2	core::hash::kupyna::tests::k256_1024bit	false
live-dps	prro_crypto_v2	prro_crypto_v2	core::hash::kupyna::tests::k256_2048bit	false
live-dps	prro_crypto_v2	prro_crypto_v2	core::hash::kupyna::tests::k256_512bit	false
live-dps	prro_crypto_v2	prro_crypto_v2	core::hash::kupyna::tests::k256_760bit	false
live-dps	prro_crypto_v2	prro_crypto_v2	core::hash::kupyna::tests::k256_8bit	false
live-dps	prro_crypto_v2	prro_crypto_v2	core::hash::kupyna::tests::k256_empty	false
live-dps	prro_crypto_v2	prro_crypto_v2	core::hash::kupyna::tests::k512_1024bit	false
live-dps	prro_crypto_v2	prro_crypto_v2	core::hash::kupyna::tests::k512_1536bit	false
live-dps	prro_crypto_v2	prro_crypto_v2	core::hash::kupyna::tests::k512_2048bit	false
live-dps	prro_crypto_v2	prro_crypto_v2	core::hash::kupyna::tests::k512_512bit	false
live-dps	prro_crypto_v2	prro_crypto_v2	core::hash::kupyna::tests::k512_8bit	false
live-dps	prro_crypto_v2	prro_crypto_v2	core::hash::kupyna::tests::k512_empty	false
live-dps	prro_crypto_v2	prro_crypto_v2	core::hash::kupyna::tests::k512_near_block_boundary	false
live-dps	prro_crypto_v2	prro_crypto_v2	core::mladder::tests::cswap_semantics	false
live-dps	prro_crypto_v2	prro_crypto_v2	core::mladder::tests::extract_bit_out_of_range_is_zero	false
live-dps	prro_crypto_v2	prro_crypto_v2	core::mladder::tests::ladder_base_rejects_oversized_scalar_release_safe	false
live-dps	prro_crypto_v2	prro_crypto_v2	core::mladder::tests::ladder_edge_cases	false
live-dps	prro_crypto_v2	prro_crypto_v2	core::mladder::tests::ladder_matches_wnaf_full_width_scalars	false
live-dps	prro_crypto_v2	prro_crypto_v2	core::mladder::tests::ladder_matches_wnaf_random_scalars_4k	false
live-dps	prro_crypto_v2	prro_crypto_v2	core::mladder::tests::ladder_matches_wnaf_small_scalars	false
live-dps	prro_crypto_v2	prro_crypto_v2	core::mladder::tests::ladder_order_times_g_is_infinity	false
live-dps	prro_crypto_v2	prro_crypto_v2	core::mladder::tests::ladder_output_length_invariant_within_contract	false
live-dps	prro_crypto_v2	prro_crypto_v2	core::mladder::tests::ladder_point_matches_wnaf_cofactor_scaled_scalars	false
live-dps	prro_crypto_v2	prro_crypto_v2	core::mladder::tests::ladder_point_matches_wnaf_random_valid_q	false
live-dps	prro_crypto_v2	prro_crypto_v2	core::mladder::tests::mul_point_x_ct_accepts_zero_padded_oversized_scalar	false
live-dps	prro_crypto_v2	prro_crypto_v2	core::mladder::tests::mul_point_x_ct_rejects_nonzero_oversized_scalar	false
live-dps	prro_crypto_v2	prro_crypto_v2	core::point::tests::expand_compressed_accepts_canonical_base_point	false
live-dps	prro_crypto_v2	prro_crypto_v2	core::point::tests::expand_compressed_rejects_wrong_length	false
live-dps	prro_crypto_v2	prro_crypto_v2	core::point::tests::test_add_p_neg_p_eq_zero	false
live-dps	prro_crypto_v2	prro_crypto_v2	core::point::tests::test_add_zero_returns_self	false
live-dps	prro_crypto_v2	prro_crypto_v2	core::point::tests::test_base_point_doubling	false
live-dps	prro_crypto_v2	prro_crypto_v2	core::point::tests::test_mul_one_returns_self	false
live-dps	prro_crypto_v2	prro_crypto_v2	core::point::tests::test_mul_three_eq_g_plus_2g	false
live-dps	prro_crypto_v2	prro_crypto_v2	core::point::tests::test_mul_two_eq_twice	false
live-dps	prro_crypto_v2	prro_crypto_v2	core::point::tests::validate_public_point_rejects_infinity	false
live-dps	prro_crypto_v2	prro_crypto_v2	core::point::tests::validate_public_point_rejects_off_curve	false
live-dps	prro_crypto_v2	prro_crypto_v2	core::proj::tests::test_double_chain_matches_affine	false
live-dps	prro_crypto_v2	prro_crypto_v2	core::proj::tests::test_double_matches_affine	false
live-dps	prro_crypto_v2	prro_crypto_v2	core::proj::tests::test_madd_matches_affine	false
live-dps	prro_crypto_v2	prro_crypto_v2	core::proj::tests::test_mul_proj_matches_naive_full_scalar	false
live-dps	prro_crypto_v2	prro_crypto_v2	core::proj::tests::test_mul_proj_matches_naive_small	false
live-dps	prro_crypto_v2	prro_crypto_v2	core::proj::tests::test_mul_proj_order_g_is_infinity	false
live-dps	prro_crypto_v2	prro_crypto_v2	core::proj::tests::test_proj_roundtrip_base	false
live-dps	prro_crypto_v2	prro_crypto_v2	core::proj::tests::test_proj_zero	false
live-dps	prro_crypto_v2	prro_crypto_v2	core::proj::tests::test_shamir_full_scalars	false
live-dps	prro_crypto_v2	prro_crypto_v2	core::proj::tests::test_shamir_matches_separate_muls_small	false
live-dps	prro_crypto_v2	prro_crypto_v2	core::proj::tests::test_shamir_one_zero	false
live-dps	prro_crypto_v2	prro_crypto_v2	core::scalar::tests::ct_add_mod_near_order_boundary	false
live-dps	prro_crypto_v2	prro_crypto_v2	core::scalar::tests::ct_from_fe_truncated_boundary_cases	false
live-dps	prro_crypto_v2	prro_crypto_v2	core::scalar::tests::ct_mul_mod_barrett_buckets_match_oracle	false
live-dps	prro_crypto_v2	prro_crypto_v2	core::scalar::tests::ct_select_5_limbs_semantics	false
live-dps	prro_crypto_v2	prro_crypto_v2	core::scalar::tests::ct_select_limbs_semantics	false
live-dps	prro_crypto_v2	prro_crypto_v2	core::scalar::tests::ct_sub_mod_wraps_through_zero	false
live-dps	prro_crypto_v2	prro_crypto_v2	core::scalar::tests::test_add_mod_simple	false
live-dps	prro_crypto_v2	prro_crypto_v2	core::scalar::tests::test_add_mod_wraparound	false
live-dps	prro_crypto_v2	prro_crypto_v2	core::scalar::tests::test_bit_and_oddness	false
live-dps	prro_crypto_v2	prro_crypto_v2	core::scalar::tests::test_bit_len	false
live-dps	prro_crypto_v2	prro_crypto_v2	core::scalar::tests::test_from_fe_truncated_above_order	false
live-dps	prro_crypto_v2	prro_crypto_v2	core::scalar::tests::test_from_fe_truncated_small	false
live-dps	prro_crypto_v2	prro_crypto_v2	core::scalar::tests::test_le_bytes_roundtrip	false
live-dps	prro_crypto_v2	prro_crypto_v2	core::scalar::tests::test_mul_mod_large	false
live-dps	prro_crypto_v2	prro_crypto_v2	core::scalar::tests::test_mul_mod_n_minus_1_squared	false
live-dps	prro_crypto_v2	prro_crypto_v2	core::scalar::tests::test_mul_mod_small	false
live-dps	prro_crypto_v2	prro_crypto_v2	core::scalar::tests::test_order_constant	false
live-dps	prro_crypto_v2	prro_crypto_v2	core::scalar::tests::test_sub_mod_underflow	false
live-dps	prro_crypto_v2	prro_crypto_v2	core::scalar::tests::test_zero_one	false
live-dps	prro_crypto_v2	prro_crypto_v2	core::sign::tests::sign_rejects_rand_e_with_bits_above_255	false
live-dps	prro_crypto_v2	prro_crypto_v2	core::sign::tests::sign_verify_roundtrip_with_non_trivial_rand_e	false
live-dps	prro_crypto_v2	prro_crypto_v2	core::sign::tests::sign_with_policy_default_produces_verifiable_sig	false
live-dps	prro_crypto_v2	prro_crypto_v2	core::sign::tests::sign_with_policy_off_matches_sign	false
live-dps	prro_crypto_v2	prro_crypto_v2	core::sign::tests::test_sign_verify_roundtrip	false
live-dps	prro_crypto_v2	prro_crypto_v2	core::sign::tests::test_truncate_ct_matches_semantics	false
live-dps	prro_crypto_v2	prro_crypto_v2	core::sign::tests::test_truncate_larger_than_order	false
live-dps	prro_crypto_v2	prro_crypto_v2	core::sign::tests::test_truncate_smaller_than_order	false
live-dps	prro_crypto_v2	prro_crypto_v2	core::sign::tests::test_zero_sig_components_rejected	false
live-dps	prro_crypto_v2	prro_crypto_v2	core::sign::tests::verify_rejects_malformed_width_without_panic	false
live-dps	prro_crypto_v2	prro_crypto_v2	core::sign::tests::verify_rejects_pubkey_off_curve	false
live-dps	prro_crypto_v2	prro_crypto_v2	core::sign::tests::verify_rejects_zero_pubkey	false
live-dps	prro_crypto_v2	prro_crypto_v2	core::sign::tests::verify_with_policy_on_still_validates_correctly	false
live-dps	prro_crypto_v2	prro_crypto_v2	core::tau_naf::tests::test_is_koblitz_dstu_pb_257	false
live-dps	prro_crypto_v2	prro_crypto_v2	core::tau_naf::tests::test_mul_tau_naf_zero_scalar_returns_none	false
live-dps	prro_crypto_v2	prro_crypto_v2	core::tau_naf::tests::test_tau_affine_matches_frobenius	false
live-dps	prro_crypto_v2	prro_crypto_v2	core::tau_naf::tests::test_wtnaf_small_scalar	false
live-dps	prro_crypto_v2	prro_crypto_v2	core::tau_naf::tests::test_wtnaf_two	false
live-dps	prro_crypto_v2	prro_crypto_v2	core::wnaf::tests::test_mul_wnaf_full_scalar	false
live-dps	prro_crypto_v2	prro_crypto_v2	core::wnaf::tests::test_mul_wnaf_matches_naive_small	false
live-dps	prro_crypto_v2	prro_crypto_v2	core::wnaf::tests::test_wnaf_no_adjacent_nonzero_w4	false
live-dps	prro_crypto_v2	prro_crypto_v2	core::wnaf::tests::test_wnaf_one	false
live-dps	prro_crypto_v2	prro_crypto_v2	core::wnaf::tests::test_wnaf_reconstruction_random	false
live-dps	prro_crypto_v2	prro_crypto_v2	core::wnaf::tests::test_wnaf_small	false
live-dps	prro_crypto_v2	prro_crypto_v2	core::wnaf::tests::test_wnaf_zero	false
live-dps	prro_escpos	prro_escpos::profile_parse	barcode_procedure_is_parsed	false
live-dps	prro_escpos	prro_escpos::profile_parse	compiler_cyrillic_text_encodes_cp866	false
live-dps	prro_escpos	prro_escpos::profile_parse	compiler_rejects_non_encodable_char_in_ascii	false
live-dps	prro_escpos	prro_escpos::profile_parse	compiler_simple_receipt_bytes	false
live-dps	prro_escpos	prro_escpos::profile_parse	executor_center_emits_esc_a_1	false
live-dps	prro_escpos	prro_escpos::profile_parse	executor_codepage_866_epson	false
live-dps	prro_escpos	prro_escpos::profile_parse	executor_cut_default_epson	false
live-dps	prro_escpos	prro_escpos::profile_parse	executor_unknown_command_errors_clearly	false
live-dps	prro_escpos	prro_escpos::profile_parse	parses_citizen_profile	false
live-dps	prro_escpos	prro_escpos::profile_parse	parses_epson_profile_metadata	false
live-dps	prro_escpos	prro_escpos::profile_parse	parses_posiflex_profile	false
live-dps	prro_escpos	prro_escpos::profile_parse	posiflex_and_citizen_have_cut_command	false
live-dps	prro_escpos_daemon	prro_escpos_daemon::api	compile_bad_hex_in_raw_returns_400	false
live-dps	prro_escpos_daemon	prro_escpos_daemon::api	compile_simple_receipt_returns_expected_hex	false
live-dps	prro_escpos_daemon	prro_escpos_daemon::api	compile_unknown_profile_returns_404	false
live-dps	prro_escpos_daemon	prro_escpos_daemon::api	health_returns_live_json	false
live-dps	prro_escpos_daemon	prro_escpos_daemon::api	print_sends_bytes_over_tcp_to_listener	false
live-dps	prro_escpos_daemon	prro_escpos_daemon::api	print_tcp_unreachable_returns_502	false
live-dps	prro_escpos_daemon	prro_escpos_daemon::api	profiles_lists_bundled	false
live-dps	prro_sidecar	prro_sidecar	cms_adapter::tests::extract_cert_valid_to_empty_returns_error	false
live-dps	prro_sidecar	prro_sidecar	cms_adapter::tests::extract_cert_valid_to_generalizedtime	false
live-dps	prro_sidecar	prro_sidecar	cms_adapter::tests::extract_cert_valid_to_utctime	false
live-dps	prro_sidecar	prro_sidecar	cms_adapter::tests::extract_cert_valid_to_utctime_century_50_to_99	false
live-dps	prro_sidecar	prro_sidecar	cms_adapter::tests::extract_issuer_dn_empty_input_returns_error	false
live-dps	prro_sidecar	prro_sidecar	cms_adapter::tests::extract_issuer_dn_truncated_to_few_bytes_returns_error	false
live-dps	prro_sidecar	prro_sidecar	cms_adapter::tests::resolve_tsp_acskidd	false
live-dps	prro_sidecar	prro_sidecar	cms_adapter::tests::resolve_tsp_disabled_endpoint_not_matched	false
live-dps	prro_sidecar	prro_sidecar	cms_adapter::tests::resolve_tsp_empty_pattern_matches_any_issuer	false
live-dps	prro_sidecar	prro_sidecar	cms_adapter::tests::resolve_tsp_issuer_dn_with_percent_char_matches_percent_pattern	false
live-dps	prro_sidecar	prro_sidecar	cms_adapter::tests::resolve_tsp_issuer_pattern_with_like_metacharacters_does_not_inject	false
live-dps	prro_sidecar	prro_sidecar	cms_adapter::tests::resolve_tsp_multiple_matching_patterns_lowest_priority_wins	false
live-dps	prro_sidecar	prro_sidecar	cms_adapter::tests::resolve_tsp_null_tsp_url_not_matched	false
live-dps	prro_sidecar	prro_sidecar	cms_adapter::tests::resolve_tsp_priority_order	false
live-dps	prro_sidecar	prro_sidecar	cms_adapter::tests::resolve_tsp_privatbank	false
live-dps	prro_sidecar	prro_sidecar	cms_adapter::tests::resolve_tsp_unknown_issuer_returns_error	false
live-dps	prro_sidecar	prro_sidecar	config::tests::bind_address_port_out_of_range_rejected	false
live-dps	prro_sidecar	prro_sidecar	config::tests::bind_address_without_port_rejected	false
live-dps	prro_sidecar	prro_sidecar	config::tests::bind_ipv6_loopback_accepted	false
live-dps	prro_sidecar	prro_sidecar	config::tests::certs_section_overridable	false
live-dps	prro_sidecar	prro_sidecar	config::tests::defaults_apply	false
live-dps	prro_sidecar	prro_sidecar	config::tests::dev_skip_sign_with_dev_mode_env_accepted	false
live-dps	prro_sidecar	prro_sidecar	config::tests::dev_skip_sign_without_dev_mode_env_rejected	false
live-dps	prro_sidecar	prro_sidecar	config::tests::empty_db_path_rejected	false
live-dps	prro_sidecar	prro_sidecar	config::tests::empty_dps_prod_endpoint_rejected	false
live-dps	prro_sidecar	prro_sidecar	config::tests::empty_dps_test_endpoint_rejected	false
live-dps	prro_sidecar	prro_sidecar	config::tests::invalid_bind_address_rejected	false
live-dps	prro_sidecar	prro_sidecar	config::tests::missing_dps_prod_rejected	false
live-dps	prro_sidecar	prro_sidecar	config::tests::parse_example_config	false
live-dps	prro_sidecar	prro_sidecar	config::tests::plain_credentials_mode_parses	false
live-dps	prro_sidecar	prro_sidecar	config::tests::roundtrip_toml	false
live-dps	prro_sidecar	prro_sidecar	config::tests::whitespace_only_db_path_rejected	false
live-dps	prro_sidecar	prro_sidecar	credentials::tests::decode_hex_uppercase_accepted	false
live-dps	prro_sidecar	prro_sidecar	credentials::tests::decode_invalid_hex_returns_err	false
live-dps	prro_sidecar	prro_sidecar	credentials::tests::decode_odd_length_hex_returns_error	false
live-dps	prro_sidecar	prro_sidecar	credentials::tests::decode_xor_result_non_utf8_returns_error	false
live-dps	prro_sidecar	prro_sidecar	credentials::tests::different_names_different_ciphertext	false
live-dps	prro_sidecar	prro_sidecar	credentials::tests::different_valid_to_different_ciphertext	false
live-dps	prro_sidecar	prro_sidecar	credentials::tests::encode_all_ascii_printable_characters_roundtrip	false
live-dps	prro_sidecar	prro_sidecar	credentials::tests::encode_empty_password_produces_empty_hex	false
live-dps	prro_sidecar	prro_sidecar	credentials::tests::encode_password_longer_than_32_bytes_cycles_key	false
live-dps	prro_sidecar	prro_sidecar	credentials::tests::encode_password_single_unicode_char	false
live-dps	prro_sidecar	prro_sidecar	credentials::tests::encode_with_null_byte_in_password_roundtrips	false
live-dps	prro_sidecar	prro_sidecar	credentials::tests::encoding_is_deterministic	false
live-dps	prro_sidecar	prro_sidecar	credentials::tests::roundtrip_xor_soft	false
live-dps	prro_sidecar	prro_sidecar	credentials::tests::short_operator_name_uses_fallback_char	false
live-dps	prro_sidecar	prro_sidecar	grpc_client::tests::build_channel_invalid_uri_returns_transport_error	false
live-dps	prro_sidecar	prro_sidecar	grpc_client::tests::build_pool_succeeds_even_if_endpoints_unreachable	false
live-dps	prro_sidecar	prro_sidecar	grpc_client::tests::cancelled_status_maps_to_status_variant_not_deadline	false
live-dps	prro_sidecar	prro_sidecar	grpc_client::tests::classify_all_named_dps_codes_individually	false
live-dps	prro_sidecar	prro_sidecar	grpc_client::tests::classify_extreme_negative_code_is_permanent	false
live-dps	prro_sidecar	prro_sidecar	grpc_client::tests::classify_ok_returns_none	false
live-dps	prro_sidecar	prro_sidecar	grpc_client::tests::classify_permanent_codes	false
live-dps	prro_sidecar	prro_sidecar	grpc_client::tests::classify_status_2_is_permanent	false
live-dps	prro_sidecar	prro_sidecar	grpc_client::tests::classify_transient_codes	false
live-dps	prro_sidecar	prro_sidecar	grpc_client::tests::classify_unknown_status_is_permanent	false
live-dps	prro_sidecar	prro_sidecar	grpc_client::tests::deadline_status_maps_correctly	false
live-dps	prro_sidecar	prro_sidecar	grpc_client::tests::internal_status_maps_to_status_variant	false
live-dps	prro_sidecar	prro_sidecar	grpc_client::tests::non_deadline_status_maps_to_status_variant	false
live-dps	prro_sidecar	prro_sidecar	grpc_client::tests::status_variant_preserves_code_and_message	false
live-dps	prro_sidecar	prro_sidecar	input::tests::cash_withdrawal_sum_present_and_absent	false
live-dps	prro_sidecar	prro_sidecar	input::tests::deserialize_sell	false
live-dps	prro_sidecar	prro_sidecar	input::tests::discount_canonical_keys	false
live-dps	prro_sidecar	prro_sidecar	input::tests::discount_serde_aliases	false
live-dps	prro_sidecar	prro_sidecar	input::tests::discount_serde_defaults	false
live-dps	prro_sidecar	prro_sidecar	input::tests::good_optional_fields_absent	false
live-dps	prro_sidecar	prro_sidecar	input::tests::good_required_fields_only_deserializes_with_correct_defaults	false
live-dps	prro_sidecar	prro_sidecar	input::tests::has_card_rrn_false_when_no_receipt_key	false
live-dps	prro_sidecar	prro_sidecar	input::tests::has_card_rrn_false_when_payments_empty	false
live-dps	prro_sidecar	prro_sidecar	input::tests::has_card_rrn_true	false
live-dps	prro_sidecar	prro_sidecar	input::tests::has_card_rrn_true_when_any_payment_has_rrn	false
live-dps	prro_sidecar	prro_sidecar	input::tests::has_card_rrn_uses_raw_json_no_double_parse	false
live-dps	prro_sidecar	prro_sidecar	input::tests::has_card_rrn_with_numeric_rrn_value_returns_false	false
live-dps	prro_sidecar	prro_sidecar	input::tests::lowercase_operation_type_fails_deserialization	false
live-dps	prro_sidecar	prro_sidecar	input::tests::missing_fiscal_number_fails_deserialization	false
live-dps	prro_sidecar	prro_sidecar	input::tests::missing_payload_field_fails_deserialization	false
live-dps	prro_sidecar	prro_sidecar	input::tests::missing_schema_version_fails	false
live-dps	prro_sidecar	prro_sidecar	input::tests::operation_type_serializes_screaming_snake	false
live-dps	prro_sidecar	prro_sidecar	input::tests::payment_amount_negative_accepted_no_domain_validation_at_deserialize	false
live-dps	prro_sidecar	prro_sidecar	input::tests::payment_amount_zero_accepted	false
live-dps	prro_sidecar	prro_sidecar	input::tests::payment_type_alias	false
live-dps	prro_sidecar	prro_sidecar	input::tests::payment_type_defaults_to_cash_when_key_absent	false
live-dps	prro_sidecar	prro_sidecar	input::tests::receipt_absent_returns_none	false
live-dps	prro_sidecar	prro_sidecar	input::tests::receipt_malformed_type_returns_none	false
live-dps	prro_sidecar	prro_sidecar	input::tests::receipt_minimal_fields	false
live-dps	prro_sidecar	prro_sidecar	input::tests::receipt_with_empty_goods_and_payments_deserializes	false
live-dps	prro_sidecar	prro_sidecar	input::tests::service_sum_present_and_absent	false
live-dps	prro_sidecar	prro_sidecar	input::tests::supported_op_types_accepted	false
live-dps	prro_sidecar	prro_sidecar	input::tests::unknown_fields_ignored	false
live-dps	prro_sidecar	prro_sidecar	input::tests::unknown_operation_type_fails_deserialization	false
live-dps	prro_sidecar	prro_sidecar	input::tests::unsupported_op_types_deserialize_but_rejected	false
live-dps	prro_sidecar	prro_sidecar	input::tests::z_report_data_absent_returns_none	false
live-dps	prro_sidecar	prro_sidecar	input::tests::z_report_data_all_fields_none_when_payload_absent	false
live-dps	prro_sidecar	prro_sidecar	input::tests::z_report_data_empty_object_gives_all_none	false
live-dps	prro_sidecar	prro_sidecar	input::tests::z_report_deserialize	false
live-dps	prro_sidecar	prro_sidecar	license::tests::basic_and_enterprise_tiers_parse_and_verify	false
live-dps	prro_sidecar	prro_sidecar	license::tests::demo_valid	false
live-dps	prro_sidecar	prro_sidecar	license::tests::demo_without_limits_errors	false
live-dps	prro_sidecar	prro_sidecar	license::tests::empty_fn_numbers_makes_any_fn_not_licensed	false
live-dps	prro_sidecar	prro_sidecar	license::tests::expired_1d_ago	false
live-dps	prro_sidecar	prro_sidecar	license::tests::expired_at_exact_expiry_timestamp	false
live-dps	prro_sidecar	prro_sidecar	license::tests::expired_one_second_before_exact_timestamp_is_grace	false
live-dps	prro_sidecar	prro_sidecar	license::tests::fn_not_in_list	false
live-dps	prro_sidecar	prro_sidecar	license::tests::grace_boundary_15_days_before_expiry_is_still_valid	false
live-dps	prro_sidecar	prro_sidecar	license::tests::grace_boundary_exactly_14_days_before_expiry	false
live-dps	prro_sidecar	prro_sidecar	license::tests::grace_window_13d	false
live-dps	prro_sidecar	prro_sidecar	license::tests::grace_window_1d	false
live-dps	prro_sidecar	prro_sidecar	license::tests::invalid_expires_at_returns_date_parse_error	false
live-dps	prro_sidecar	prro_sidecar	license::tests::jcs_key_order_stable_across_serializations	false
live-dps	prro_sidecar	prro_sidecar	license::tests::jcs_unicode_chars_preserved	false
live-dps	prro_sidecar	prro_sidecar	license::tests::multiple_fn_numbers_match_any_in_list	false
live-dps	prro_sidecar	prro_sidecar	license::tests::payload_invalid_base64_returns_error	false
live-dps	prro_sidecar	prro_sidecar	license::tests::pubkey_wrong_length_returns_invalid	false
live-dps	prro_sidecar	prro_sidecar	license::tests::signature_invalid_base64_returns_error	false
live-dps	prro_sidecar	prro_sidecar	license::tests::signature_tampered	false
live-dps	prro_sidecar	prro_sidecar	license::tests::signature_too_short_returns_invalid	false
live-dps	prro_sidecar	prro_sidecar	license::tests::tin_mismatch	false
live-dps	prro_sidecar	prro_sidecar	license::tests::tin_mismatch_stores_correct_fields	false
live-dps	prro_sidecar	prro_sidecar	license::tests::valid_pro_within_expiry	false
live-dps	prro_sidecar	prro_sidecar	repo::tests::accept_request_then_replay_returns_cached_json	false
live-dps	prro_sidecar	prro_sidecar	repo::tests::ambiguous_key_returns_duplicate_ambiguous	false
live-dps	prro_sidecar	prro_sidecar	repo::tests::audit_log_insert_ok	false
live-dps	prro_sidecar	prro_sidecar	repo::tests::audit_log_insert_with_null_payload	false
live-dps	prro_sidecar	prro_sidecar	repo::tests::audit_severity_as_str_matches_db_constraint	false
live-dps	prro_sidecar	prro_sidecar	repo::tests::cert_is_valid_at_exact_expiry_boundary_invalid	false
live-dps	prro_sidecar	prro_sidecar	repo::tests::cert_is_valid_at_expired	false
live-dps	prro_sidecar	prro_sidecar	repo::tests::cert_is_valid_at_no_dates_always_valid	false
live-dps	prro_sidecar	prro_sidecar	repo::tests::cert_is_valid_at_not_yet_valid	false
live-dps	prro_sidecar	prro_sidecar	repo::tests::cert_is_valid_at_unparseable_valid_to_fails_closed	false
live-dps	prro_sidecar	prro_sidecar	repo::tests::cert_is_valid_at_within_valid_window	false
live-dps	prro_sidecar	prro_sidecar	repo::tests::cert_metadata_all_nullable_fields_null	false
live-dps	prro_sidecar	prro_sidecar	repo::tests::cleanup_stale_pending_transitions_to_ambiguous	false
live-dps	prro_sidecar	prro_sidecar	repo::tests::fiscal_mode_fromsql_rejects_invalid_string	false
live-dps	prro_sidecar	prro_sidecar	repo::tests::fiscal_mode_prod_variant_loaded	false
live-dps	prro_sidecar	prro_sidecar	repo::tests::fiscal_mode_test_variant_loaded	false
live-dps	prro_sidecar	prro_sidecar	repo::tests::fn_numbers_empty_array_parses_to_empty_vec	false
live-dps	prro_sidecar	prro_sidecar	repo::tests::fn_numbers_invalid_json_returns_error	false
live-dps	prro_sidecar	prro_sidecar	repo::tests::fn_numbers_json_with_numeric_elements_returns_error	false
live-dps	prro_sidecar	prro_sidecar	repo::tests::fn_numbers_parsed_correctly	false
live-dps	prro_sidecar	prro_sidecar	repo::tests::inactive_operator_not_returned	false
live-dps	prro_sidecar	prro_sidecar	repo::tests::insert_pending_after_rejected_status_reinserts_as_pending	false
live-dps	prro_sidecar	prro_sidecar	repo::tests::insert_pending_different_identity_returns_hard_conflict	false
live-dps	prro_sidecar	prro_sidecar	repo::tests::insert_pending_fresh_key_returns_inserted	false
live-dps	prro_sidecar	prro_sidecar	repo::tests::insert_pending_same_key_returns_duplicate_pending	false
live-dps	prro_sidecar	prro_sidecar	repo::tests::licenses_unique_active_index_prevents_two_active	false
live-dps	prro_sidecar	prro_sidecar	repo::tests::list_degraded_returns_all	false
live-dps	prro_sidecar	prro_sidecar	repo::tests::load_active_license_found	false
live-dps	prro_sidecar	prro_sidecar	repo::tests::load_active_license_not_found	false
live-dps	prro_sidecar	prro_sidecar	repo::tests::load_active_operator_credentials_mode_xor_soft	false
live-dps	prro_sidecar	prro_sidecar	repo::tests::load_active_operator_deterministic_with_multiple_active	false
live-dps	prro_sidecar	prro_sidecar	repo::tests::load_active_operator_found	false
live-dps	prro_sidecar	prro_sidecar	repo::tests::load_active_operator_not_found	false
live-dps	prro_sidecar	prro_sidecar	repo::tests::load_active_operator_three_rows_returns_highest_id	false
live-dps	prro_sidecar	prro_sidecar	repo::tests::load_cert_der_for_fn_not_found_returns_not_found_error	false
live-dps	prro_sidecar	prro_sidecar	repo::tests::load_cert_der_for_fn_returns_blob	false
live-dps	prro_sidecar	prro_sidecar	repo::tests::load_cert_metadata_found	false
live-dps	prro_sidecar	prro_sidecar	repo::tests::load_cert_metadata_not_found	false
live-dps	prro_sidecar	prro_sidecar	repo::tests::load_fn_config_found	false
live-dps	prro_sidecar	prro_sidecar	repo::tests::load_fn_config_not_found	false
live-dps	prro_sidecar	prro_sidecar	repo::tests::load_previous_hash_empty_with_last_gt0_returns_ok	false
live-dps	prro_sidecar	prro_sidecar	repo::tests::load_previous_hash_returns_empty_string_for_unknown_fn	false
live-dps	prro_sidecar	prro_sidecar	repo::tests::load_tsp_url_by_issuer_dn_matches_pattern	false
live-dps	prro_sidecar	prro_sidecar	repo::tests::load_tsp_url_by_issuer_dn_priority_ordering	false
live-dps	prro_sidecar	prro_sidecar	repo::tests::load_tsp_url_disabled_endpoint_not_returned	false
live-dps	prro_sidecar	prro_sidecar	repo::tests::load_tsp_url_unknown_issuer_returns_not_found	false
live-dps	prro_sidecar	prro_sidecar	repo::tests::mutex_poisoned_by_panic_returns_internal_error	false
live-dps	prro_sidecar	prro_sidecar	repo::tests::next_local_number_does_not_reset_previous_hash	false
live-dps	prro_sidecar	prro_sidecar	repo::tests::next_local_number_increments_monotonically	false
live-dps	prro_sidecar	prro_sidecar	repo::tests::next_local_number_is_independent_per_fiscal_number	false
live-dps	prro_sidecar	prro_sidecar	repo::tests::next_local_number_returning_matches_actual_last	false
live-dps	prro_sidecar	prro_sidecar	repo::tests::next_local_number_starts_at_one_for_fresh_fn	false
live-dps	prro_sidecar	prro_sidecar	repo::tests::open_in_memory_smoke	false
live-dps	prro_sidecar	prro_sidecar	repo::tests::reconcile_chain_clears_degraded	false
live-dps	prro_sidecar	prro_sidecar	repo::tests::set_and_check_degraded	false
live-dps	prro_sidecar	prro_sidecar	repo::tests::set_degraded_idempotent_updates_hash	false
live-dps	prro_sidecar	prro_sidecar	repo::tests::store_and_load_previous_hash_roundtrip	false
live-dps	prro_sidecar	prro_sidecar	repo::tests::store_previous_hash_does_not_touch_last	false
live-dps	prro_sidecar	prro_sidecar	repo::tests::store_previous_hash_overwrites_existing_value	false
live-dps	prro_sidecar	prro_sidecar	time_utils::tests::kyiv_epoch_dst_fall_back_transition	false
live-dps	prro_sidecar	prro_sidecar	time_utils::tests::kyiv_epoch_dst_spring_forward_transition	false
live-dps	prro_sidecar	prro_sidecar	time_utils::tests::kyiv_epoch_is_deterministic	false
live-dps	prro_sidecar	prro_sidecar	time_utils::tests::kyiv_epoch_matches_python_reference_vectors	false
live-dps	prro_sidecar	prro_sidecar	time_utils::tests::kyiv_epoch_rejects_invalid_input_not_substitutes_now	false
live-dps	prro_sidecar	prro_sidecar	time_utils::tests::kyiv_epoch_summer_is_utc_plus_three	false
live-dps	prro_sidecar	prro_sidecar	time_utils::tests::kyiv_epoch_winter_is_utc_plus_two	false
live-dps	prro_sidecar	prro_sidecar	time_utils::tests::kyiv_yyyymmddhhmmss_summer	false
live-dps	prro_sidecar	prro_sidecar	time_utils::tests::kyiv_yyyymmddhhmmss_winter	false
live-dps	prro_sidecar	prro_sidecar	time_utils::tests::kyiv_yyyymmddhhmmss_year_boundary_summer	false
live-dps	prro_sidecar	prro_sidecar	time_utils::tests::kyiv_yyyymmddhhmmss_year_boundary_winter	false
live-dps	prro_sidecar	prro_sidecar	time_utils::tests::parse_accepts_rfc3339_with_explicit_offset	false
live-dps	prro_sidecar	prro_sidecar	time_utils::tests::parse_accepts_rfc3339_with_z	false
live-dps	prro_sidecar	prro_sidecar	time_utils::tests::parse_rejects_malformed_input	false
live-dps	prro_sidecar	prro_sidecar	time_utils::tests::parse_tolerates_bare_iso8601_as_utc	false
live-dps	prro_sidecar	prro_sidecar	xml_builder::tests::calc_tax_al2_additional_rate	false
live-dps	prro_sidecar	prro_sidecar	xml_builder::tests::calc_tax_al2_both_rates_zero	false
live-dps	prro_sidecar	prro_sidecar	xml_builder::tests::calc_tax_al2_zero_primary_rate	false
live-dps	prro_sidecar	prro_sidecar	xml_builder::tests::calc_tax_unknown_algo_returns_zero	false
live-dps	prro_sidecar	prro_sidecar	xml_builder::tests::format_ts_without_z_suffix_parsed_via_fallback	false
live-dps	prro_sidecar	prro_sidecar	xml_builder::tests::py_round_large_values_no_overflow	false
live-dps	prro_sidecar	prro_sidecar	xml_builder::tests::py_round_zero_sum_produces_zero_tax	false
live-dps	prro_sidecar	prro_sidecar	xml_builder::tests::sell_with_empty_goods_list_produces_no_p_tags	false
live-dps	prro_sidecar	prro_sidecar	xml_builder::tests::service_in_sum_matches_payload_field	false
live-dps	prro_sidecar	prro_sidecar	xml_builder::tests::service_out_sum_matches_payload_field	false
live-dps	prro_sidecar	prro_sidecar	xml_builder::tests::test_calc_tax_al0	false
live-dps	prro_sidecar	prro_sidecar	xml_builder::tests::test_calc_tax_al1	false
live-dps	prro_sidecar	prro_sidecar	xml_builder::tests::test_card_payment_epz_attrs	false
live-dps	prro_sidecar	prro_sidecar	xml_builder::tests::test_cash_withdrawal_structure	false
live-dps	prro_sidecar	prro_sidecar	xml_builder::tests::test_format_ts_invalid_returns_bad_request	false
live-dps	prro_sidecar	prro_sidecar	xml_builder::tests::test_format_ts_utc_to_kyiv	false
live-dps	prro_sidecar	prro_sidecar	xml_builder::tests::test_header_footer_as_l_tags	false
live-dps	prro_sidecar	prro_sidecar	xml_builder::tests::test_py_round_banker	false
live-dps	prro_sidecar	prro_sidecar	xml_builder::tests::test_return_uses_type_1	false
live-dps	prro_sidecar	prro_sidecar	xml_builder::tests::test_sell_structure	false
live-dps	prro_sidecar	prro_sidecar	xml_builder::tests::test_sell_with_discount_check_level	false
live-dps	prro_sidecar	prro_sidecar	xml_builder::tests::test_sell_with_discount_item_level	false
live-dps	prro_sidecar	prro_sidecar	xml_builder::tests::test_service_in_structure	false
live-dps	prro_sidecar	prro_sidecar	xml_builder::tests::test_service_out_structure	false
live-dps	prro_sidecar	prro_sidecar	xml_builder::tests::test_shift_open_structure	false
live-dps	prro_sidecar	prro_sidecar	xml_builder::tests::test_tag_attrs_sorted	false
live-dps	prro_sidecar	prro_sidecar	xml_builder::tests::test_tag_basic	false
live-dps	prro_sidecar	prro_sidecar	xml_builder::tests::test_unsupported_op_returns_err	false
live-dps	prro_sidecar	prro_sidecar	xml_builder::tests::test_xml_escape	false
live-dps	prro_sidecar	prro_sidecar	xml_builder::tests::test_z_report_structure	false
live-dps	prro_sidecar	prro_sidecar	xml_builder::tests::test_z_report_with_payment_sums	false
live-dps	prro_sidecar	prro_sidecar	xml_builder::tests::z_report_with_empty_payment_sums_has_no_m_tags	false
live-dps	prro_sidecar	prro_sidecar	xml_builder::tests::z_report_with_no_payments_has_no_m_tags	false
live-dps	prro_sidecar	prro_sidecar::bin/prro_sidecar	degraded_chain_tests::sidecar_source_contains_degraded_wiring	false
live-dps	prro_sidecar	prro_sidecar::bin/prro_sidecar	degraded_chain_tests::test_chain_broken_state_machine_via_repo	false
live-dps	prro_sidecar	prro_sidecar::bin/prro_sidecar	degraded_chain_tests::test_degraded_fn_returns_fn_degraded_error	false
live-dps	prro_sidecar	prro_sidecar::bin/prro_sidecar	fn_lock_tests::fn_lock_cleanup_removes_idle_entries	false
live-dps	prro_sidecar	prro_sidecar::bin/prro_sidecar	fn_lock_tests::fn_lock_serializes_per_fn	false
live-dps	prro_sidecar	prro_sidecar::bin/prro_sidecar	reconcile_loop_tests::test_reconcile_loop_clears_degraded	false
live-dps	prro_sidecar	prro_sidecar::wiring_date_time	dps_classifier_wire::status_minus12_is_transient	false
live-dps	prro_sidecar	prro_sidecar::wiring_date_time	dps_classifier_wire::status_minus1_is_permanent	false
live-dps	prro_sidecar	prro_sidecar::wiring_date_time	dps_classifier_wire::status_minus3_is_transient	false
live-dps	prro_sidecar	prro_sidecar::wiring_date_time	dps_classifier_wire::status_ok_returns_none	false
live-dps	prro_sidecar	prro_sidecar::wiring_date_time	dps_classifier_wire::status_zero_is_permanent	false
live-dps	prro_sidecar	prro_sidecar::wiring_date_time	envelope_integrity::correct_payload_sha256_passes	false
live-dps	prro_sidecar	prro_sidecar::wiring_date_time	envelope_integrity::empty_payload_sha256_rejected	false
live-dps	prro_sidecar	prro_sidecar::wiring_date_time	envelope_integrity::known_schema_version_with_correct_sha256_passes	false
live-dps	prro_sidecar	prro_sidecar::wiring_date_time	envelope_integrity::tampered_payload_sha256_rejected	false
live-dps	prro_sidecar	prro_sidecar::wiring_date_time	envelope_integrity::unknown_schema_version_rejected	false
live-dps	prro_sidecar	prro_sidecar::wiring_date_time	idempotency::accepted_key_returns_cached_json	false
live-dps	prro_sidecar	prro_sidecar::wiring_date_time	idempotency::bound_accepted_row_with_different_identity_gives_hard_conflict	false
live-dps	prro_sidecar	prro_sidecar::wiring_date_time	idempotency::different_key_returns_inserted	false
live-dps	prro_sidecar	prro_sidecar::wiring_date_time	idempotency::fiscal_send_inner_contains_idempotency_wiring	false
live-dps	prro_sidecar	prro_sidecar::wiring_date_time	idempotency::fresh_key_returns_inserted	false
live-dps	prro_sidecar	prro_sidecar::wiring_date_time	idempotency::pre_migration_accepted_row_returns_cached_without_hard_conflict	false
live-dps	prro_sidecar	prro_sidecar::wiring_date_time	idempotency::pre_r3_pending_row_with_empty_ts_key_returns_duplicate_pending_on_ts_mismatch	false
live-dps	prro_sidecar	prro_sidecar::wiring_date_time	idempotency::reject_request_transitions_pending_to_rejected_allowing_fresh_retry	false
live-dps	prro_sidecar	prro_sidecar::wiring_date_time	idempotency::same_payload_different_business_ts_gives_hard_conflict	false
live-dps	prro_sidecar	prro_sidecar::wiring_date_time	sidecar_check_date_time_comes_from_business_ts_not_now	false
live-dps	prro_sidecar	prro_sidecar::wiring_date_time	sidecar_emits_pipeline_delay_metrics	false
live-dps	prro_sidecar	prro_sidecar::wiring_date_time	xml_builder_format_ts_uses_iana_kyiv_tz_not_fixed_utc_plus_3	false
